input_text,target_text,prompt_text,full_text
= Valkyria Chronicles III =,"n/a

### Notes:
n/a

### Tags:
n/a

### Status:
n/a

### Notes:
n/a

### References:
n/a

### Tags:
n/a

### Status:
n/a

### Notes:
n/a

### References:
n/a

### Tags:
n/a

### Status:
n/a

### Notes:
n/a

### References:
n/a

### Tags:
n/a

### Status:
n/a

### Notes:
n/a

### References:
n/a

### Tags:
n/a

### Status:
n/a

### Notes:
n/a

### References:
n/a

### Tags:
n/a

### Status:
n/a

### Notes:
n/a

### References:
n/a

### Tags:
n/a

### Status:
n/a

### Notes:
n/a

### References:
n/a

### Tags:
n/a

### Status:
n/a

### Notes:
n/a

### References:
n/a

### Tags:
n/a

### Status:
n/a

### Notes:
n/a

### References:
n/a

### Tags:
n/a

### Status:
n/a

### Notes:
n/a

### References:
n/a

### Tags:
n/a

###","### Input:
= Valkyria Chronicles III =

### Output:
","### Input:
= Valkyria Chronicles III =

### Output:
n/a

### Notes:
n/a

### Tags:
n/a

### Status:
n/a

### Notes:
n/a

### References:
n/a

### Tags:
n/a

### Status:
n/a

### Notes:
n/a

### References:
n/a

### Tags:
n/a

### Status:
n/a

### Notes:
n/a

### References:
n/a

### Tags:
n/a

### Status:
n/a

### Notes:
n/a

### References:
n/a

### Tags:
n/a

### Status:
n/a

### Notes:
n/a

### References:
n/a

### Tags:
n/a

### Status:
n/a

### Notes:
n/a

### References:
n/a

### Tags:
n/a

### Status:
n/a

### Notes:
n/a

### References:
n/a

### Tags:
n/a

### Status:
n/a

### Notes:
n/a

### References:
n/a

### Tags:
n/a

### Status:
n/a

### Notes:
n/a

### References:
n/a

### Tags:
n/a

### Status:
n/a

### Notes:
n/a

### References:
n/a

### Tags:
n/a

###"
"Senjō no Valkyria 3 : Unrecorded Chronicles ( Japanese : 戦場のヴァルキュリア3 , lit . Valkyria of the Battlefield 3 ) , commonly referred to as Valkyria Chronicles III outside Japan , is a tactical role @-@ playing video game developed by Sega and Media.Vision for the PlayStation Portable . Released in January 2011 in Japan , it is the third game in the Valkyria series . Employing the same fusion of tactical and real @-@ time gameplay as its predecessors , the story runs parallel to the first game and follows the "" Nameless "" , a penal military unit serving the nation of Gallia during the Second Europan War who perform secret black operations and are pitted against the Imperial unit "" Calamaty Raven "" .","C Squad"" of the Gallian Special Forces. The game was released in North America on November 11, 2014, and in Europe on November 14, 2014.
### Plot:
The game is set in the same fictional world as the first two games, but takes place in a different country, Gallia, and during a different war. The game follows the story of a squad of soldiers known as the ""C Squad"", who are part of the Gallian Special Forces. The game begins with the squad being sent to the front lines to assist in the war effort. As the game progresses, the squad is faced with various challenges and obstacles, including enemy soldiers, harsh terrain, and their own personal demons. The game features a variety of characters, each with their own unique personalities and abilities. The player must use these characters to their advantage in order to succeed in their missions.
### Gameplay:
The gameplay of Valkyria Chronicles III is similar to that of the previous games in the series. The player controls a squad of soldiers, each with their own unique abilities and weapons. The player must use these soldiers to complete various missions, including capturing enemy bases, rescuing hostages, and destroying enemy installations. The game features a variety of different environments,","### Input:
Senjō no Valkyria 3 : Unrecorded Chronicles ( Japanese : 戦場のヴァルキュリア3 , lit . Valkyria of the Battlefield 3 ) , commonly referred to as Valkyria Chronicles III outside Japan , is a tactical role @-@ playing video game developed by Sega and Media.Vision for the PlayStation Portable . Released in January 2011 in Japan , it is the third game in the Valkyria series . Employing the same fusion of tactical and real @-@ time gameplay as its predecessors , the story runs parallel to the first game and follows the "" Nameless "" , a penal military unit serving the nation of Gallia during the Second Europan War who perform secret black operations and are pitted against the Imperial unit "" Calamaty Raven "" .

### Output:
","### Input:
Senjō no Valkyria 3 : Unrecorded Chronicles ( Japanese : 戦場のヴァルキュリア3 , lit . Valkyria of the Battlefield 3 ) , commonly referred to as Valkyria Chronicles III outside Japan , is a tactical role @-@ playing video game developed by Sega and Media.Vision for the PlayStation Portable . Released in January 2011 in Japan , it is the third game in the Valkyria series . Employing the same fusion of tactical and real @-@ time gameplay as its predecessors , the story runs parallel to the first game and follows the "" Nameless "" , a penal military unit serving the nation of Gallia during the Second Europan War who perform secret black operations and are pitted against the Imperial unit "" Calamaty Raven "" .

### Output:
C Squad"" of the Gallian Special Forces. The game was released in North America on November 11, 2014, and in Europe on November 14, 2014.
### Plot:
The game is set in the same fictional world as the first two games, but takes place in a different country, Gallia, and during a different war. The game follows the story of a squad of soldiers known as the ""C Squad"", who are part of the Gallian Special Forces. The game begins with the squad being sent to the front lines to assist in the war effort. As the game progresses, the squad is faced with various challenges and obstacles, including enemy soldiers, harsh terrain, and their own personal demons. The game features a variety of characters, each with their own unique personalities and abilities. The player must use these characters to their advantage in order to succeed in their missions.
### Gameplay:
The gameplay of Valkyria Chronicles III is similar to that of the previous games in the series. The player controls a squad of soldiers, each with their own unique abilities and weapons. The player must use these soldiers to complete various missions, including capturing enemy bases, rescuing hostages, and destroying enemy installations. The game features a variety of different environments,"
"The game began development in 2010 , carrying over a large portion of the work done on Valkyria Chronicles II . While it retained the standard features of the series , it also underwent multiple adjustments , such as making the game more forgiving for series newcomers . Character designer Raita Honjou and composer Hitoshi Sakimoto both returned from previous entries , along with Valkyria Chronicles II director Takeshi Ozawa . A large team of writers handled the script . The game 's opening theme was sung by May 'n .","://en.wikipedia.org/wiki/Valkyria_Chronicles_3 Valkyria Chronicles 3 is a tactical role-playing game developed and published by Sega for the PlayStation Portable. It is the third game in the Valkyria series, and was released in Japan on March 20, 2014. It was released in North America on October 29, 2014, and in Europe on October 31, 2014. The game was released in Japan as Valkyria Chronicles 3: The Party, and in North America and Europe as Valkyria Chronicles III: The Party. The game was released in Japan as Valkyria Chronicles 3: The Party, and in North America and Europe as Valkyria Chronicles III: The Party. The game was released in Japan as Valkyria Chronicles 3: The Party, and in North America and Europe as Valkyria Chronicles III: The Party. The game was released in Japan as Valkyria Chronicles 3: The Party, and in North America and Europe as Valkyria Chronicles III: The Party. The game was released in Japan as Valkyria Chronicles 3: The Party, and in North America and Europe as Valkyria Chronicles III: The Party. The","### Input:
The game began development in 2010 , carrying over a large portion of the work done on Valkyria Chronicles II . While it retained the standard features of the series , it also underwent multiple adjustments , such as making the game more forgiving for series newcomers . Character designer Raita Honjou and composer Hitoshi Sakimoto both returned from previous entries , along with Valkyria Chronicles II director Takeshi Ozawa . A large team of writers handled the script . The game 's opening theme was sung by May 'n .

### Output:
","### Input:
The game began development in 2010 , carrying over a large portion of the work done on Valkyria Chronicles II . While it retained the standard features of the series , it also underwent multiple adjustments , such as making the game more forgiving for series newcomers . Character designer Raita Honjou and composer Hitoshi Sakimoto both returned from previous entries , along with Valkyria Chronicles II director Takeshi Ozawa . A large team of writers handled the script . The game 's opening theme was sung by May 'n .

### Output:
://en.wikipedia.org/wiki/Valkyria_Chronicles_3 Valkyria Chronicles 3 is a tactical role-playing game developed and published by Sega for the PlayStation Portable. It is the third game in the Valkyria series, and was released in Japan on March 20, 2014. It was released in North America on October 29, 2014, and in Europe on October 31, 2014. The game was released in Japan as Valkyria Chronicles 3: The Party, and in North America and Europe as Valkyria Chronicles III: The Party. The game was released in Japan as Valkyria Chronicles 3: The Party, and in North America and Europe as Valkyria Chronicles III: The Party. The game was released in Japan as Valkyria Chronicles 3: The Party, and in North America and Europe as Valkyria Chronicles III: The Party. The game was released in Japan as Valkyria Chronicles 3: The Party, and in North America and Europe as Valkyria Chronicles III: The Party. The game was released in Japan as Valkyria Chronicles 3: The Party, and in North America and Europe as Valkyria Chronicles III: The Party. The"
"It met with positive sales in Japan , and was praised by both Japanese and western critics . After release , it received downloadable content , along with an expanded edition in November of that year . It was also adapted into manga and an original video animation series . Due to low sales of Valkyria Chronicles II , Valkyria Chronicles III was not localized , but a fan translation compatible with the game 's expanded edition was released in 2014 . Media.Vision would return to the franchise with the development of Valkyria : Azure Revolution for the PlayStation 4 .","It met with positive sales in Japan, and was praised by both Japanese and western critics. After release, it received downloadable content, along with an expanded edition in November of that year. It was also adapted into manga and an original video animation series. Due to low sales of Valkyria Chronicles II, Valkyria Chronicles III was not localized, but a fan translation compatible with the game's expanded edition was released in 2014. Media.Vision would return to the franchise with the development of Valkyria : Azure Revolution for the PlayStation 4.

### Input:
It met with positive sales in Japan, and was praised by both Japanese and western critics. After release, it received downloadable content, along with an expanded edition in November of that year. It was also adapted into manga and an original video animation series. Due to low sales of Valkyria Chronicles II, Valkyria Chronicles III was not localized, but a fan translation compatible with the game's expanded edition was released in 2014. Media.Vision would return to the franchise with the development of Valkyria : Azure Revolution for the PlayStation 4.

### Output:
It met with positive sales in Japan, and was praised by both Japanese and western critics. After release, it received downloadable","### Input:
It met with positive sales in Japan , and was praised by both Japanese and western critics . After release , it received downloadable content , along with an expanded edition in November of that year . It was also adapted into manga and an original video animation series . Due to low sales of Valkyria Chronicles II , Valkyria Chronicles III was not localized , but a fan translation compatible with the game 's expanded edition was released in 2014 . Media.Vision would return to the franchise with the development of Valkyria : Azure Revolution for the PlayStation 4 .

### Output:
","### Input:
It met with positive sales in Japan , and was praised by both Japanese and western critics . After release , it received downloadable content , along with an expanded edition in November of that year . It was also adapted into manga and an original video animation series . Due to low sales of Valkyria Chronicles II , Valkyria Chronicles III was not localized , but a fan translation compatible with the game 's expanded edition was released in 2014 . Media.Vision would return to the franchise with the development of Valkyria : Azure Revolution for the PlayStation 4 .

### Output:
It met with positive sales in Japan, and was praised by both Japanese and western critics. After release, it received downloadable content, along with an expanded edition in November of that year. It was also adapted into manga and an original video animation series. Due to low sales of Valkyria Chronicles II, Valkyria Chronicles III was not localized, but a fan translation compatible with the game's expanded edition was released in 2014. Media.Vision would return to the franchise with the development of Valkyria : Azure Revolution for the PlayStation 4.

### Input:
It met with positive sales in Japan, and was praised by both Japanese and western critics. After release, it received downloadable content, along with an expanded edition in November of that year. It was also adapted into manga and an original video animation series. Due to low sales of Valkyria Chronicles II, Valkyria Chronicles III was not localized, but a fan translation compatible with the game's expanded edition was released in 2014. Media.Vision would return to the franchise with the development of Valkyria : Azure Revolution for the PlayStation 4.

### Output:
It met with positive sales in Japan, and was praised by both Japanese and western critics. After release, it received downloadable"
"As with previous Valkyira Chronicles games , Valkyria Chronicles III is a tactical role @-@ playing game where players take control of a military unit and take part in missions against enemy forces . Stories are told through comic book @-@ like panels with animated character portraits , with characters speaking partially through voiced speech bubbles and partially through unvoiced text . The player progresses through a series of linear missions , gradually unlocked as maps that can be freely scanned through and replayed as they are unlocked . The route to each story location on the map varies depending on an individual player 's approach : when one option is selected , the other is sealed off to the player . Outside missions , the player characters rest in a camp , where units can be customized and character growth occurs . Alongside the main story missions are character @-@ specific sub missions relating to different squad members . After the game 's completion , additional episodes are unlocked , some of them having a higher difficulty than those found in the rest of the game . There are also love simulation elements related to the game 's two main heroines , although they take a very minor role .",", the player is given a choice of two other options to take, and the player can choose to take either of these options or return to the previous location and choose a different option. The player can also choose to skip the story and go straight to the mission, but this will result in the player missing out on the story and the player will not be able to return to the story at a later time. The player can also choose to skip the story and go straight to the mission, but this will result in the player missing out on the story and the player will not be able to return to the story at a later time. The player can also choose to skip the story and go straight to the mission, but this will result in the player missing out on the story and the player will not be able to return to the story at a later time. The player can also choose to skip the story and go straight to the mission, but this will result in the player missing out on the story and the player will not be able to return to the story at a later time. The player can also choose to skip the story and go straight to the mission, but this will result in the player missing out on the story and the player will not be able to return to the","### Input:
As with previous Valkyira Chronicles games , Valkyria Chronicles III is a tactical role @-@ playing game where players take control of a military unit and take part in missions against enemy forces . Stories are told through comic book @-@ like panels with animated character portraits , with characters speaking partially through voiced speech bubbles and partially through unvoiced text . The player progresses through a series of linear missions , gradually unlocked as maps that can be freely scanned through and replayed as they are unlocked . The route to each story location on the map varies depending on an individual player 's approach : when one option is selected , the other is sealed off to the player . Outside missions , the player characters rest in a camp , where units can be customized and character growth occurs . Alongside the main story missions are character @-@ specific sub missions relating to different squad members . After the game 's completion , additional episodes are unlocked , some of them having a higher difficulty than those found in the rest of the game . There are also love simulation elements related to the game 's two main heroines , although they take a very minor role .

### Output:
","### Input:
As with previous Valkyira Chronicles games , Valkyria Chronicles III is a tactical role @-@ playing game where players take control of a military unit and take part in missions against enemy forces . Stories are told through comic book @-@ like panels with animated character portraits , with characters speaking partially through voiced speech bubbles and partially through unvoiced text . The player progresses through a series of linear missions , gradually unlocked as maps that can be freely scanned through and replayed as they are unlocked . The route to each story location on the map varies depending on an individual player 's approach : when one option is selected , the other is sealed off to the player . Outside missions , the player characters rest in a camp , where units can be customized and character growth occurs . Alongside the main story missions are character @-@ specific sub missions relating to different squad members . After the game 's completion , additional episodes are unlocked , some of them having a higher difficulty than those found in the rest of the game . There are also love simulation elements related to the game 's two main heroines , although they take a very minor role .

### Output:
, the player is given a choice of two other options to take, and the player can choose to take either of these options or return to the previous location and choose a different option. The player can also choose to skip the story and go straight to the mission, but this will result in the player missing out on the story and the player will not be able to return to the story at a later time. The player can also choose to skip the story and go straight to the mission, but this will result in the player missing out on the story and the player will not be able to return to the story at a later time. The player can also choose to skip the story and go straight to the mission, but this will result in the player missing out on the story and the player will not be able to return to the story at a later time. The player can also choose to skip the story and go straight to the mission, but this will result in the player missing out on the story and the player will not be able to return to the story at a later time. The player can also choose to skip the story and go straight to the mission, but this will result in the player missing out on the story and the player will not be able to return to the"
"The game 's battle system , the BliTZ system , is carried over directly from Valkyira Chronicles . During missions , players select each unit using a top @-@ down perspective of the battlefield map : once a character is selected , the player moves the character around the battlefield in third @-@ person . A character can only act once per @-@ turn , but characters can be granted multiple turns at the expense of other characters ' turns . Each character has a field and distance of movement limited by their Action Gauge . Up to nine characters can be assigned to a single mission . During gameplay , characters will call out if something happens to them , such as their health points ( HP ) getting low or being knocked out by enemy attacks . Each character has specific "" Potentials "" , skills unique to each character . They are divided into "" Personal Potential "" , which are innate skills that remain unaltered unless otherwise dictated by the story and can either help or impede a character , and "" Battle Potentials "" , which are grown throughout the game and always grant boons to a character . To learn Battle Potentials , each character has a unique "" Masters Table "" , a grid @-@ based skill table that can be used to acquire and link different skills . Characters also have Special Abilities that grant them temporary boosts on the battlefield : Kurt can activate "" Direct Command "" and move around the battlefield without depleting his Action Point gauge , the character Reila can shift into her "" Valkyria Form "" and become invincible , while Imca can target multiple enemy units with her heavy weapon .","be able to use a variety of weapons and items, including the ability to use the "" Limit Break "" ability, which allows characters to perform a powerful attack. The game also features a "" Chain Attack "" system, which allows characters to perform a series of attacks in a row. The game also features a "" Chain Attack "" system, which allows characters to perform a series of attacks in a row. The game also features a "" Chain Attack "" system, which allows characters to perform a series of attacks in a row. The game also features a "" Chain Attack "" system, which allows characters to perform a series of attacks in a row. The game also features a "" Chain Attack "" system, which allows characters to perform a series of attacks in a row. The game also features a "" Chain Attack "" system, which allows characters to perform a series of attacks in a row. The game also features a "" Chain Attack "" system, which allows characters to perform a series of attacks in a row. The game also features a "" Chain Attack "" system, which allows characters to perform a series of attacks in a row. The game also features a "" Chain Attack "" system, which allows characters to perform a series of attacks in a row. The game also features a "" Chain Attack","### Input:
The game 's battle system , the BliTZ system , is carried over directly from Valkyira Chronicles . During missions , players select each unit using a top @-@ down perspective of the battlefield map : once a character is selected , the player moves the character around the battlefield in third @-@ person . A character can only act once per @-@ turn , but characters can be granted multiple turns at the expense of other characters ' turns . Each character has a field and distance of movement limited by their Action Gauge . Up to nine characters can be assigned to a single mission . During gameplay , characters will call out if something happens to them , such as their health points ( HP ) getting low or being knocked out by enemy attacks . Each character has specific "" Potentials "" , skills unique to each character . They are divided into "" Personal Potential "" , which are innate skills that remain unaltered unless otherwise dictated by the story and can either help or impede a character , and "" Battle Potentials "" , which are grown throughout the game and always grant boons to a character . To learn Battle Potentials , each character has a unique "" Masters Table "" , a grid @-@ based skill table that can be used to acquire and link different skills . Characters also have Special Abilities that grant them temporary boosts on the battlefield : Kurt can activate "" Direct Command "" and move around the battlefield without depleting his Action Point gauge , the character Reila can shift into her "" Valkyria Form "" and become invincible , while Imca can target multiple enemy units with her heavy weapon .

### Output:
","### Input:
The game 's battle system , the BliTZ system , is carried over directly from Valkyira Chronicles . During missions , players select each unit using a top @-@ down perspective of the battlefield map : once a character is selected , the player moves the character around the battlefield in third @-@ person . A character can only act once per @-@ turn , but characters can be granted multiple turns at the expense of other characters ' turns . Each character has a field and distance of movement limited by their Action Gauge . Up to nine characters can be assigned to a single mission . During gameplay , characters will call out if something happens to them , such as their health points ( HP ) getting low or being knocked out by enemy attacks . Each character has specific "" Potentials "" , skills unique to each character . They are divided into "" Personal Potential "" , which are innate skills that remain unaltered unless otherwise dictated by the story and can either help or impede a character , and "" Battle Potentials "" , which are grown throughout the game and always grant boons to a character . To learn Battle Potentials , each character has a unique "" Masters Table "" , a grid @-@ based skill table that can be used to acquire and link different skills . Characters also have Special Abilities that grant them temporary boosts on the battlefield : Kurt can activate "" Direct Command "" and move around the battlefield without depleting his Action Point gauge , the character Reila can shift into her "" Valkyria Form "" and become invincible , while Imca can target multiple enemy units with her heavy weapon .

### Output:
be able to use a variety of weapons and items, including the ability to use the "" Limit Break "" ability, which allows characters to perform a powerful attack. The game also features a "" Chain Attack "" system, which allows characters to perform a series of attacks in a row. The game also features a "" Chain Attack "" system, which allows characters to perform a series of attacks in a row. The game also features a "" Chain Attack "" system, which allows characters to perform a series of attacks in a row. The game also features a "" Chain Attack "" system, which allows characters to perform a series of attacks in a row. The game also features a "" Chain Attack "" system, which allows characters to perform a series of attacks in a row. The game also features a "" Chain Attack "" system, which allows characters to perform a series of attacks in a row. The game also features a "" Chain Attack "" system, which allows characters to perform a series of attacks in a row. The game also features a "" Chain Attack "" system, which allows characters to perform a series of attacks in a row. The game also features a "" Chain Attack "" system, which allows characters to perform a series of attacks in a row. The game also features a "" Chain Attack"
"Troops are divided into five classes : Scouts , Shocktroopers , Engineers , Lancers and Armored Soldier . Troopers can switch classes by changing their assigned weapon . Changing class does not greatly affect the stats gained while in a previous class . With victory in battle , experience points are awarded to the squad , which are distributed into five different attributes shared by the entire squad , a feature differing from early games ' method of distributing to different unit types .","n the game, the player can choose to play as either the Allied or Axis forces. The Allied forces are represented by the United States, the Soviet Union, and the United Kingdom, while the Axis forces are represented by Germany, Japan, and Italy. The player can choose to play as any of the five classes, and can also choose to play as a female character. The player can also choose to play as a character from any of the three factions, and can also choose to play as a character from any of the five classes. The player can also choose to play as a character from any of the three factions, and can also choose to play as a character from any of the five classes. The player can also choose to play as a character from any of the three factions, and can also choose to play as a character from any of the five classes. The player can also choose to play as a character from any of the three factions, and can also choose to play as a character from any of the five classes. The player can also choose to play as a character from any of the three factions, and can also choose to play as a character from any of the five classes. The player can also choose to play as a character from any of the three factions","### Input:
Troops are divided into five classes : Scouts , Shocktroopers , Engineers , Lancers and Armored Soldier . Troopers can switch classes by changing their assigned weapon . Changing class does not greatly affect the stats gained while in a previous class . With victory in battle , experience points are awarded to the squad , which are distributed into five different attributes shared by the entire squad , a feature differing from early games ' method of distributing to different unit types .

### Output:
","### Input:
Troops are divided into five classes : Scouts , Shocktroopers , Engineers , Lancers and Armored Soldier . Troopers can switch classes by changing their assigned weapon . Changing class does not greatly affect the stats gained while in a previous class . With victory in battle , experience points are awarded to the squad , which are distributed into five different attributes shared by the entire squad , a feature differing from early games ' method of distributing to different unit types .

### Output:
n the game, the player can choose to play as either the Allied or Axis forces. The Allied forces are represented by the United States, the Soviet Union, and the United Kingdom, while the Axis forces are represented by Germany, Japan, and Italy. The player can choose to play as any of the five classes, and can also choose to play as a female character. The player can also choose to play as a character from any of the three factions, and can also choose to play as a character from any of the five classes. The player can also choose to play as a character from any of the three factions, and can also choose to play as a character from any of the five classes. The player can also choose to play as a character from any of the three factions, and can also choose to play as a character from any of the five classes. The player can also choose to play as a character from any of the three factions, and can also choose to play as a character from any of the five classes. The player can also choose to play as a character from any of the three factions, and can also choose to play as a character from any of the five classes. The player can also choose to play as a character from any of the three factions"
"The game takes place during the Second Europan War . Gallian Army Squad 422 , also known as "" The Nameless "" , are a penal military unit composed of criminals , foreign deserters , and military offenders whose real names are erased from the records and thereon officially referred to by numbers . Ordered by the Gallian military to perform the most dangerous missions that the Regular Army and Militia will not do , they are nevertheless up to the task , exemplified by their motto , Altaha Abilia , meaning "" Always Ready . "" The three main characters are No.7 Kurt Irving , an army officer falsely accused of treason who wishes to redeem himself ; Ace No.1 Imca , a female Darcsen heavy weapons specialist who seeks revenge against the Valkyria who destroyed her home ; and No.13 Riela Marcellis , a seemingly jinxed young woman who is unknowingly a descendant of the Valkyria . Together with their fellow squad members , these three are tasked to fight against a mysterious Imperial unit known as Calamity Raven , consisting of mostly Darcsen soldiers .","of treason ; No.8 Lelei Langlet, a foreigner from the neighboring country of Estreich ; and No.9 Alis Landale, a former member of the Regular Army who was court-martialed for disobeying orders. The three are joined by No.10, a mysterious girl who is the only one who knows their real names.","### Input:
The game takes place during the Second Europan War . Gallian Army Squad 422 , also known as "" The Nameless "" , are a penal military unit composed of criminals , foreign deserters , and military offenders whose real names are erased from the records and thereon officially referred to by numbers . Ordered by the Gallian military to perform the most dangerous missions that the Regular Army and Militia will not do , they are nevertheless up to the task , exemplified by their motto , Altaha Abilia , meaning "" Always Ready . "" The three main characters are No.7 Kurt Irving , an army officer falsely accused of treason who wishes to redeem himself ; Ace No.1 Imca , a female Darcsen heavy weapons specialist who seeks revenge against the Valkyria who destroyed her home ; and No.13 Riela Marcellis , a seemingly jinxed young woman who is unknowingly a descendant of the Valkyria . Together with their fellow squad members , these three are tasked to fight against a mysterious Imperial unit known as Calamity Raven , consisting of mostly Darcsen soldiers .

### Output:
","### Input:
The game takes place during the Second Europan War . Gallian Army Squad 422 , also known as "" The Nameless "" , are a penal military unit composed of criminals , foreign deserters , and military offenders whose real names are erased from the records and thereon officially referred to by numbers . Ordered by the Gallian military to perform the most dangerous missions that the Regular Army and Militia will not do , they are nevertheless up to the task , exemplified by their motto , Altaha Abilia , meaning "" Always Ready . "" The three main characters are No.7 Kurt Irving , an army officer falsely accused of treason who wishes to redeem himself ; Ace No.1 Imca , a female Darcsen heavy weapons specialist who seeks revenge against the Valkyria who destroyed her home ; and No.13 Riela Marcellis , a seemingly jinxed young woman who is unknowingly a descendant of the Valkyria . Together with their fellow squad members , these three are tasked to fight against a mysterious Imperial unit known as Calamity Raven , consisting of mostly Darcsen soldiers .

### Output:
of treason ; No.8 Lelei Langlet, a foreigner from the neighboring country of Estreich ; and No.9 Alis Landale, a former member of the Regular Army who was court-martialed for disobeying orders. The three are joined by No.10, a mysterious girl who is the only one who knows their real names."
"As the Nameless officially do not exist , the upper echelons of the Gallian Army exploit the concept of plausible deniability in order to send them on missions that would otherwise make Gallia lose face in the war . While at times this works to their advantage , such as a successful incursion into Imperial territory , other orders cause certain members of the 422nd great distress . One such member , Gusurg , becomes so enraged that he abandons his post and defects into the ranks of Calamity Raven , attached to the ideal of Darcsen independence proposed by their leader , Dahau . At the same time , elements within Gallian Army Command move to erase the Nameless in order to protect their own interests . Hounded by both allies and enemies , and combined with the presence of a traitor within their ranks , the 422nd desperately move to keep themselves alive while at the same time fight to help the Gallian war effort . This continues until the Nameless 's commanding officer , Ramsey Crowe , who had been kept under house arrest , is escorted to the capital city of Randgriz in order to present evidence exonerating the weary soldiers and expose the real traitor , the Gallian General that had accused Kurt of Treason .","same time, the Gallian Army is forced to deal with the aftermath of the defection, as well as the fact that the Nameless are now being hunted by the Imperial Army.","### Input:
As the Nameless officially do not exist , the upper echelons of the Gallian Army exploit the concept of plausible deniability in order to send them on missions that would otherwise make Gallia lose face in the war . While at times this works to their advantage , such as a successful incursion into Imperial territory , other orders cause certain members of the 422nd great distress . One such member , Gusurg , becomes so enraged that he abandons his post and defects into the ranks of Calamity Raven , attached to the ideal of Darcsen independence proposed by their leader , Dahau . At the same time , elements within Gallian Army Command move to erase the Nameless in order to protect their own interests . Hounded by both allies and enemies , and combined with the presence of a traitor within their ranks , the 422nd desperately move to keep themselves alive while at the same time fight to help the Gallian war effort . This continues until the Nameless 's commanding officer , Ramsey Crowe , who had been kept under house arrest , is escorted to the capital city of Randgriz in order to present evidence exonerating the weary soldiers and expose the real traitor , the Gallian General that had accused Kurt of Treason .

### Output:
","### Input:
As the Nameless officially do not exist , the upper echelons of the Gallian Army exploit the concept of plausible deniability in order to send them on missions that would otherwise make Gallia lose face in the war . While at times this works to their advantage , such as a successful incursion into Imperial territory , other orders cause certain members of the 422nd great distress . One such member , Gusurg , becomes so enraged that he abandons his post and defects into the ranks of Calamity Raven , attached to the ideal of Darcsen independence proposed by their leader , Dahau . At the same time , elements within Gallian Army Command move to erase the Nameless in order to protect their own interests . Hounded by both allies and enemies , and combined with the presence of a traitor within their ranks , the 422nd desperately move to keep themselves alive while at the same time fight to help the Gallian war effort . This continues until the Nameless 's commanding officer , Ramsey Crowe , who had been kept under house arrest , is escorted to the capital city of Randgriz in order to present evidence exonerating the weary soldiers and expose the real traitor , the Gallian General that had accused Kurt of Treason .

### Output:
same time, the Gallian Army is forced to deal with the aftermath of the defection, as well as the fact that the Nameless are now being hunted by the Imperial Army."
"Partly due to these events , and partly due to the major losses in manpower Gallia suffers towards the end of the war with the Empire , the Nameless are offered a formal position as a squad in the Gallian Army rather than serve as an anonymous shadow force . This is short @-@ lived , however , as following Maximilian 's defeat , Dahau and Calamity Raven move to activate an ancient Valkyrian super weapon within the Empire , kept secret by their benefactor . Without the support of Maximilian or the chance to prove themselves in the war with Gallia , it is Dahau 's last trump card in creating a new Darcsen nation . As an armed Gallian force invading the Empire just following the two nations ' cease @-@ fire would certainly wreck their newfound peace , Kurt decides to once again make his squad the Nameless , asking Crowe to list himself and all under his command as killed @-@ in @-@ action . Now owing allegiance to none other than themselves , the 422nd confronts Dahau and destroys the Valkyrian weapon . Each member then goes their separate ways in order to begin their lives anew .",s decision to disband the Nameless and return to their home world.,"### Input:
Partly due to these events , and partly due to the major losses in manpower Gallia suffers towards the end of the war with the Empire , the Nameless are offered a formal position as a squad in the Gallian Army rather than serve as an anonymous shadow force . This is short @-@ lived , however , as following Maximilian 's defeat , Dahau and Calamity Raven move to activate an ancient Valkyrian super weapon within the Empire , kept secret by their benefactor . Without the support of Maximilian or the chance to prove themselves in the war with Gallia , it is Dahau 's last trump card in creating a new Darcsen nation . As an armed Gallian force invading the Empire just following the two nations ' cease @-@ fire would certainly wreck their newfound peace , Kurt decides to once again make his squad the Nameless , asking Crowe to list himself and all under his command as killed @-@ in @-@ action . Now owing allegiance to none other than themselves , the 422nd confronts Dahau and destroys the Valkyrian weapon . Each member then goes their separate ways in order to begin their lives anew .

### Output:
","### Input:
Partly due to these events , and partly due to the major losses in manpower Gallia suffers towards the end of the war with the Empire , the Nameless are offered a formal position as a squad in the Gallian Army rather than serve as an anonymous shadow force . This is short @-@ lived , however , as following Maximilian 's defeat , Dahau and Calamity Raven move to activate an ancient Valkyrian super weapon within the Empire , kept secret by their benefactor . Without the support of Maximilian or the chance to prove themselves in the war with Gallia , it is Dahau 's last trump card in creating a new Darcsen nation . As an armed Gallian force invading the Empire just following the two nations ' cease @-@ fire would certainly wreck their newfound peace , Kurt decides to once again make his squad the Nameless , asking Crowe to list himself and all under his command as killed @-@ in @-@ action . Now owing allegiance to none other than themselves , the 422nd confronts Dahau and destroys the Valkyrian weapon . Each member then goes their separate ways in order to begin their lives anew .

### Output:
s decision to disband the Nameless and return to their home world."
"Concept work for Valkyria Chronicles III began after development finished on Valkyria Chronicles II in early 2010 , with full development beginning shortly after this . The director of Valkyria Chronicles II , Takeshi Ozawa , returned to that role for Valkyria Chronicles III . Development work took approximately one year . After the release of Valkyria Chronicles II , the staff took a look at both the popular response for the game and what they wanted to do next for the series . Like its predecessor , Valkyria Chronicles III was developed for PlayStation Portable : this was due to the team wanting to refine the mechanics created for Valkyria Chronicles II , and they had not come up with the "" revolutionary "" idea that would warrant a new entry for the PlayStation 3 . Speaking in an interview , it was stated that the development team considered Valkyria Chronicles III to be the series ' first true sequel : while Valkyria Chronicles II had required a large amount of trial and error during development due to the platform move , the third game gave them a chance to improve upon the best parts of Valkyria Chronicles II due to being on the same platform . In addition to Sega staff from the previous games , development work was also handled by Media.Vision. The original scenario was written Kazuki Yamanobe , while the script was written by Hiroyuki Fujii , Koichi Majima , Kishiko Miyagi , Seiki Nagakawa and Takayuki Shouji . Its story was darker and more somber than that of its predecessor .","of the first two games, and the PSP was the best platform for this. The team also wanted to make the game more accessible to new players, and the PSP was the best platform for this. The team also wanted to make the game more accessible to new players, and the PSP was the best platform for this. The team also wanted to make the game more accessible to new players, and the PSP was the best platform for this. The team also wanted to make the game more accessible to new players, and the PSP was the best platform for this. The team also wanted to make the game more accessible to new players, and the PSP was the best platform for this. The team also wanted to make the game more accessible to new players, and the PSP was the best platform for this. The team also wanted to make the game more accessible to new players, and the PSP was the best platform for this. The team also wanted to make the game more accessible to new players, and the PSP was the best platform for this. The team also wanted to make the game more accessible to new players, and the PSP was the best platform for this. The team also wanted to make the game more accessible to new players, and the PSP was the best platform for this.","### Input:
Concept work for Valkyria Chronicles III began after development finished on Valkyria Chronicles II in early 2010 , with full development beginning shortly after this . The director of Valkyria Chronicles II , Takeshi Ozawa , returned to that role for Valkyria Chronicles III . Development work took approximately one year . After the release of Valkyria Chronicles II , the staff took a look at both the popular response for the game and what they wanted to do next for the series . Like its predecessor , Valkyria Chronicles III was developed for PlayStation Portable : this was due to the team wanting to refine the mechanics created for Valkyria Chronicles II , and they had not come up with the "" revolutionary "" idea that would warrant a new entry for the PlayStation 3 . Speaking in an interview , it was stated that the development team considered Valkyria Chronicles III to be the series ' first true sequel : while Valkyria Chronicles II had required a large amount of trial and error during development due to the platform move , the third game gave them a chance to improve upon the best parts of Valkyria Chronicles II due to being on the same platform . In addition to Sega staff from the previous games , development work was also handled by Media.Vision. The original scenario was written Kazuki Yamanobe , while the script was written by Hiroyuki Fujii , Koichi Majima , Kishiko Miyagi , Seiki Nagakawa and Takayuki Shouji . Its story was darker and more somber than that of its predecessor .

### Output:
","### Input:
Concept work for Valkyria Chronicles III began after development finished on Valkyria Chronicles II in early 2010 , with full development beginning shortly after this . The director of Valkyria Chronicles II , Takeshi Ozawa , returned to that role for Valkyria Chronicles III . Development work took approximately one year . After the release of Valkyria Chronicles II , the staff took a look at both the popular response for the game and what they wanted to do next for the series . Like its predecessor , Valkyria Chronicles III was developed for PlayStation Portable : this was due to the team wanting to refine the mechanics created for Valkyria Chronicles II , and they had not come up with the "" revolutionary "" idea that would warrant a new entry for the PlayStation 3 . Speaking in an interview , it was stated that the development team considered Valkyria Chronicles III to be the series ' first true sequel : while Valkyria Chronicles II had required a large amount of trial and error during development due to the platform move , the third game gave them a chance to improve upon the best parts of Valkyria Chronicles II due to being on the same platform . In addition to Sega staff from the previous games , development work was also handled by Media.Vision. The original scenario was written Kazuki Yamanobe , while the script was written by Hiroyuki Fujii , Koichi Majima , Kishiko Miyagi , Seiki Nagakawa and Takayuki Shouji . Its story was darker and more somber than that of its predecessor .

### Output:
of the first two games, and the PSP was the best platform for this. The team also wanted to make the game more accessible to new players, and the PSP was the best platform for this. The team also wanted to make the game more accessible to new players, and the PSP was the best platform for this. The team also wanted to make the game more accessible to new players, and the PSP was the best platform for this. The team also wanted to make the game more accessible to new players, and the PSP was the best platform for this. The team also wanted to make the game more accessible to new players, and the PSP was the best platform for this. The team also wanted to make the game more accessible to new players, and the PSP was the best platform for this. The team also wanted to make the game more accessible to new players, and the PSP was the best platform for this. The team also wanted to make the game more accessible to new players, and the PSP was the best platform for this. The team also wanted to make the game more accessible to new players, and the PSP was the best platform for this. The team also wanted to make the game more accessible to new players, and the PSP was the best platform for this."
"The majority of material created for previous games , such as the BLiTZ system and the design of maps , was carried over . Alongside this , improvements were made to the game 's graphics and some elements were expanded , such as map layouts , mission structure , and the number of playable units per mission . A part of this upgrade involved creating unique polygon models for each character 's body . In order to achieve this , the cooperative elements incorporated into the second game were removed , as they took up a large portion of memory space needed for the improvements . They also adjusted the difficulty settings and ease of play so they could appeal to new players while retaining the essential components of the series ' gameplay . The newer systems were decided upon early in development . The character designs were done by Raita Honjou , who had worked on the previous Valkyria Chronicles games . When creating the Nameless Squad , Honjou was faced with the same problem he had had during the first game : the military uniforms essentially destroyed character individuality , despite him needing to create unique characters the player could identify while maintaining a sense of reality within the Valkyria Chronicles world . The main color of the Nameless was black . As with the previous Valkyria games , Valkyria Chronicles III used the CANVAS graphics engine . The anime opening was produced by Production I.G.","be enjoyed by a wider audience. The game was also designed to be played on the PlayStation 2, which was released in Japan in March 2000. The game was released in Japan on December 21, 2000, in North America on March 6, 2001, and in Europe on June 29, 2001. The game was released in Japan on December 21, 2000, in North America on March 6, 2001, and in Europe on June 29, 2001. The game was released in Japan on December 21, 2000, in North America on March 6, 2001, and in Europe on June 29, 2001. The game was released in Japan on December 21, 2000, in North America on March 6, 2001, and in Europe on June 29, 2001. The game was released in Japan on December 21, 2000, in North America on March 6, 2001, and in Europe on June 29, 2001. The game was released in Japan on December 21, 2000, in North America on March 6, 2001, and in","### Input:
The majority of material created for previous games , such as the BLiTZ system and the design of maps , was carried over . Alongside this , improvements were made to the game 's graphics and some elements were expanded , such as map layouts , mission structure , and the number of playable units per mission . A part of this upgrade involved creating unique polygon models for each character 's body . In order to achieve this , the cooperative elements incorporated into the second game were removed , as they took up a large portion of memory space needed for the improvements . They also adjusted the difficulty settings and ease of play so they could appeal to new players while retaining the essential components of the series ' gameplay . The newer systems were decided upon early in development . The character designs were done by Raita Honjou , who had worked on the previous Valkyria Chronicles games . When creating the Nameless Squad , Honjou was faced with the same problem he had had during the first game : the military uniforms essentially destroyed character individuality , despite him needing to create unique characters the player could identify while maintaining a sense of reality within the Valkyria Chronicles world . The main color of the Nameless was black . As with the previous Valkyria games , Valkyria Chronicles III used the CANVAS graphics engine . The anime opening was produced by Production I.G.

### Output:
","### Input:
The majority of material created for previous games , such as the BLiTZ system and the design of maps , was carried over . Alongside this , improvements were made to the game 's graphics and some elements were expanded , such as map layouts , mission structure , and the number of playable units per mission . A part of this upgrade involved creating unique polygon models for each character 's body . In order to achieve this , the cooperative elements incorporated into the second game were removed , as they took up a large portion of memory space needed for the improvements . They also adjusted the difficulty settings and ease of play so they could appeal to new players while retaining the essential components of the series ' gameplay . The newer systems were decided upon early in development . The character designs were done by Raita Honjou , who had worked on the previous Valkyria Chronicles games . When creating the Nameless Squad , Honjou was faced with the same problem he had had during the first game : the military uniforms essentially destroyed character individuality , despite him needing to create unique characters the player could identify while maintaining a sense of reality within the Valkyria Chronicles world . The main color of the Nameless was black . As with the previous Valkyria games , Valkyria Chronicles III used the CANVAS graphics engine . The anime opening was produced by Production I.G.

### Output:
be enjoyed by a wider audience. The game was also designed to be played on the PlayStation 2, which was released in Japan in March 2000. The game was released in Japan on December 21, 2000, in North America on March 6, 2001, and in Europe on June 29, 2001. The game was released in Japan on December 21, 2000, in North America on March 6, 2001, and in Europe on June 29, 2001. The game was released in Japan on December 21, 2000, in North America on March 6, 2001, and in Europe on June 29, 2001. The game was released in Japan on December 21, 2000, in North America on March 6, 2001, and in Europe on June 29, 2001. The game was released in Japan on December 21, 2000, in North America on March 6, 2001, and in Europe on June 29, 2001. The game was released in Japan on December 21, 2000, in North America on March 6, 2001, and in"
"The music was composed by Hitoshi Sakimoto , who had also worked on the previous Valkyria Chronicles games . When he originally heard about the project , he thought it would be a light tone similar to other Valkyria Chronicles games , but found the themes much darker than expected . An early theme he designed around his original vision of the project was rejected . He redid the main theme about seven times through the music production due to this need to reassess the game . The main theme was initially recorded using orchestra , then Sakimoto removed elements such as the guitar and bass , then adjusted the theme using a synthesizer before redoing segments such as the guitar piece on their own before incorporating them into the theme . The rejected main theme was used as a hopeful tune that played during the game 's ending . The battle themes were designed around the concept of a "" modern battle "" divorced from a fantasy scenario by using modern musical instruments , constructed to create a sense of atonality . While Sakimoto was most used to working with synthesized music , he felt that he needed to incorporate live instruments such as orchestra and guitar . The guitar was played by Mitsuhiro Ohta , who also arranged several of the later tracks . The game 's opening theme song , "" If You Wish for ... "" ( もしも君が願うのなら , Moshimo Kimi ga Negauno Nara ) , was sung by Japanese singer May 'n . Its theme was the reason soldiers fought , in particular their wish to protect what was precious to them rather than a sense of responsibility or duty . Its lyrics were written by Seiko Fujibayashi , who had worked on May 'n on previous singles .",". The main theme was recorded in a studio in Tokyo, and the recording was done in a single day. The music was recorded in a studio in Tokyo, and the recording was done in a single day. The music was recorded in a studio in Tokyo, and the recording was done in a single day. The music was recorded in a studio in Tokyo, and the recording was done in a single day. The music was recorded in a studio in Tokyo, and the recording was done in a single day. The music was recorded in a studio in Tokyo, and the recording was done in a single day. The music was recorded in a studio in Tokyo, and the recording was done in a single day. The music was recorded in a studio in Tokyo, and the recording was done in a single day. The music was recorded in a studio in Tokyo, and the recording was done in a single day. The music was recorded in a studio in Tokyo, and the recording was done in a single day. The music was recorded in a studio in Tokyo, and the recording was done in a single day. The music was recorded in a studio in Tokyo, and the recording was done in a single day. The music was recorded in a studio in Tokyo, and the recording was","### Input:
The music was composed by Hitoshi Sakimoto , who had also worked on the previous Valkyria Chronicles games . When he originally heard about the project , he thought it would be a light tone similar to other Valkyria Chronicles games , but found the themes much darker than expected . An early theme he designed around his original vision of the project was rejected . He redid the main theme about seven times through the music production due to this need to reassess the game . The main theme was initially recorded using orchestra , then Sakimoto removed elements such as the guitar and bass , then adjusted the theme using a synthesizer before redoing segments such as the guitar piece on their own before incorporating them into the theme . The rejected main theme was used as a hopeful tune that played during the game 's ending . The battle themes were designed around the concept of a "" modern battle "" divorced from a fantasy scenario by using modern musical instruments , constructed to create a sense of atonality . While Sakimoto was most used to working with synthesized music , he felt that he needed to incorporate live instruments such as orchestra and guitar . The guitar was played by Mitsuhiro Ohta , who also arranged several of the later tracks . The game 's opening theme song , "" If You Wish for ... "" ( もしも君が願うのなら , Moshimo Kimi ga Negauno Nara ) , was sung by Japanese singer May 'n . Its theme was the reason soldiers fought , in particular their wish to protect what was precious to them rather than a sense of responsibility or duty . Its lyrics were written by Seiko Fujibayashi , who had worked on May 'n on previous singles .

### Output:
","### Input:
The music was composed by Hitoshi Sakimoto , who had also worked on the previous Valkyria Chronicles games . When he originally heard about the project , he thought it would be a light tone similar to other Valkyria Chronicles games , but found the themes much darker than expected . An early theme he designed around his original vision of the project was rejected . He redid the main theme about seven times through the music production due to this need to reassess the game . The main theme was initially recorded using orchestra , then Sakimoto removed elements such as the guitar and bass , then adjusted the theme using a synthesizer before redoing segments such as the guitar piece on their own before incorporating them into the theme . The rejected main theme was used as a hopeful tune that played during the game 's ending . The battle themes were designed around the concept of a "" modern battle "" divorced from a fantasy scenario by using modern musical instruments , constructed to create a sense of atonality . While Sakimoto was most used to working with synthesized music , he felt that he needed to incorporate live instruments such as orchestra and guitar . The guitar was played by Mitsuhiro Ohta , who also arranged several of the later tracks . The game 's opening theme song , "" If You Wish for ... "" ( もしも君が願うのなら , Moshimo Kimi ga Negauno Nara ) , was sung by Japanese singer May 'n . Its theme was the reason soldiers fought , in particular their wish to protect what was precious to them rather than a sense of responsibility or duty . Its lyrics were written by Seiko Fujibayashi , who had worked on May 'n on previous singles .

### Output:
. The main theme was recorded in a studio in Tokyo, and the recording was done in a single day. The music was recorded in a studio in Tokyo, and the recording was done in a single day. The music was recorded in a studio in Tokyo, and the recording was done in a single day. The music was recorded in a studio in Tokyo, and the recording was done in a single day. The music was recorded in a studio in Tokyo, and the recording was done in a single day. The music was recorded in a studio in Tokyo, and the recording was done in a single day. The music was recorded in a studio in Tokyo, and the recording was done in a single day. The music was recorded in a studio in Tokyo, and the recording was done in a single day. The music was recorded in a studio in Tokyo, and the recording was done in a single day. The music was recorded in a studio in Tokyo, and the recording was done in a single day. The music was recorded in a studio in Tokyo, and the recording was done in a single day. The music was recorded in a studio in Tokyo, and the recording was done in a single day. The music was recorded in a studio in Tokyo, and the recording was"
"In September 2010 , a teaser website was revealed by Sega , hinting at a new Valkyria Chronicles game . In its September issue , Famitsu listed that Senjō no Valkyria 3 would be arriving on the PlayStation Portable . Its first public appearance was at the 2010 Tokyo Game Show ( TGS ) , where a demo was made available for journalists and attendees . During the publicity , story details were kept scant so as not to spoil too much for potential players , along with some of its content still being in flux at the time of its reveal . To promote the game and detail the story leading into the game 's events , an episodic Flash visual novel written by Fujii began release in January 2011 . The game was released January 27 , 2011 . During an interview , the development team said that the game had the capacity for downloadable content ( DLC ) , but that no plans were finalized . Multiple DLC maps , featuring additional missions and recruitable characters , were released between February and April 2011 . An expanded edition of the game , Valkyria Chronicles III Extra Edition , released on November 23 , 2011 . Packaged and sold at a lower price than the original , Extra Edition game with seven additional episodes : three new , three chosen by staff from the game 's DLC , and one made available as a pre @-@ order bonus . People who also owned the original game could transfer their save data between versions .","story, Sega released a series of videos on their official YouTube channel, which were later compiled into a single video. The game was released in Japan on March 10, 2011, and in North America on September 6, 2011. The game was released in Europe on September 9, 2011, and in Australia on September 15, 2011. The game was released in Europe on September 9, 2011, and in Australia on September 15, 2011. The game was released in Europe on September 9, 2011, and in Australia on September 15, 2011. The game was released in Europe on September 9, 2011, and in Australia on September 15, 2011. The game was released in Europe on September 9, 2011, and in Australia on September 15, 2011. The game was released in Europe on September 9, 2011, and in Australia on September 15, 2011. The game was released in Europe on September 9, 2011, and in Australia on September 15, 2011. The game was released in Europe on September 9, 2011, and","### Input:
In September 2010 , a teaser website was revealed by Sega , hinting at a new Valkyria Chronicles game . In its September issue , Famitsu listed that Senjō no Valkyria 3 would be arriving on the PlayStation Portable . Its first public appearance was at the 2010 Tokyo Game Show ( TGS ) , where a demo was made available for journalists and attendees . During the publicity , story details were kept scant so as not to spoil too much for potential players , along with some of its content still being in flux at the time of its reveal . To promote the game and detail the story leading into the game 's events , an episodic Flash visual novel written by Fujii began release in January 2011 . The game was released January 27 , 2011 . During an interview , the development team said that the game had the capacity for downloadable content ( DLC ) , but that no plans were finalized . Multiple DLC maps , featuring additional missions and recruitable characters , were released between February and April 2011 . An expanded edition of the game , Valkyria Chronicles III Extra Edition , released on November 23 , 2011 . Packaged and sold at a lower price than the original , Extra Edition game with seven additional episodes : three new , three chosen by staff from the game 's DLC , and one made available as a pre @-@ order bonus . People who also owned the original game could transfer their save data between versions .

### Output:
","### Input:
In September 2010 , a teaser website was revealed by Sega , hinting at a new Valkyria Chronicles game . In its September issue , Famitsu listed that Senjō no Valkyria 3 would be arriving on the PlayStation Portable . Its first public appearance was at the 2010 Tokyo Game Show ( TGS ) , where a demo was made available for journalists and attendees . During the publicity , story details were kept scant so as not to spoil too much for potential players , along with some of its content still being in flux at the time of its reveal . To promote the game and detail the story leading into the game 's events , an episodic Flash visual novel written by Fujii began release in January 2011 . The game was released January 27 , 2011 . During an interview , the development team said that the game had the capacity for downloadable content ( DLC ) , but that no plans were finalized . Multiple DLC maps , featuring additional missions and recruitable characters , were released between February and April 2011 . An expanded edition of the game , Valkyria Chronicles III Extra Edition , released on November 23 , 2011 . Packaged and sold at a lower price than the original , Extra Edition game with seven additional episodes : three new , three chosen by staff from the game 's DLC , and one made available as a pre @-@ order bonus . People who also owned the original game could transfer their save data between versions .

### Output:
story, Sega released a series of videos on their official YouTube channel, which were later compiled into a single video. The game was released in Japan on March 10, 2011, and in North America on September 6, 2011. The game was released in Europe on September 9, 2011, and in Australia on September 15, 2011. The game was released in Europe on September 9, 2011, and in Australia on September 15, 2011. The game was released in Europe on September 9, 2011, and in Australia on September 15, 2011. The game was released in Europe on September 9, 2011, and in Australia on September 15, 2011. The game was released in Europe on September 9, 2011, and in Australia on September 15, 2011. The game was released in Europe on September 9, 2011, and in Australia on September 15, 2011. The game was released in Europe on September 9, 2011, and in Australia on September 15, 2011. The game was released in Europe on September 9, 2011, and"
"Unlike its two predecessors , Valkyria Chronicles III was not released in the west . According to Sega , this was due to poor sales of Valkyria Chronicles II and the general unpopularity of the PSP in the west . An unofficial fan translation patch began development in February 2012 : players with a copy of Valkyria Chronicles III could download and apply the patch , which translated the game 's text into English . Compatible with the Extra Edition , the patch was released in January 2014 .","The game was released in Japan on February 10, 2011. A limited edition of the game was also released, which included a soundtrack CD, a drama CD, and a special box. A downloadable version of the game was released on the PlayStation Store on March 10, 2011. A "" Extra Edition "" of the game was released on December 22, 2011, which included a new scenario, new playable characters, and new weapons. The Extra Edition was released in Japan on December 22, 2011, and was released in North America on March 13, 2012. The Extra Edition was released in Europe on March 16, 2012.","### Input:
Unlike its two predecessors , Valkyria Chronicles III was not released in the west . According to Sega , this was due to poor sales of Valkyria Chronicles II and the general unpopularity of the PSP in the west . An unofficial fan translation patch began development in February 2012 : players with a copy of Valkyria Chronicles III could download and apply the patch , which translated the game 's text into English . Compatible with the Extra Edition , the patch was released in January 2014 .

### Output:
","### Input:
Unlike its two predecessors , Valkyria Chronicles III was not released in the west . According to Sega , this was due to poor sales of Valkyria Chronicles II and the general unpopularity of the PSP in the west . An unofficial fan translation patch began development in February 2012 : players with a copy of Valkyria Chronicles III could download and apply the patch , which translated the game 's text into English . Compatible with the Extra Edition , the patch was released in January 2014 .

### Output:
The game was released in Japan on February 10, 2011. A limited edition of the game was also released, which included a soundtrack CD, a drama CD, and a special box. A downloadable version of the game was released on the PlayStation Store on March 10, 2011. A "" Extra Edition "" of the game was released on December 22, 2011, which included a new scenario, new playable characters, and new weapons. The Extra Edition was released in Japan on December 22, 2011, and was released in North America on March 13, 2012. The Extra Edition was released in Europe on March 16, 2012."
"On its day of release in Japan , Valkyria Chronicles III topped both platform @-@ exclusive and multi @-@ platform sales charts . By early February , the game sold 102 @,@ 779 units , coming in second overall to The Last Story for the Wii . By the end of the year , the game had sold just over 152 @,@ 500 units .",://www.4gamer.net/games/001/001/001001/,"### Input:
On its day of release in Japan , Valkyria Chronicles III topped both platform @-@ exclusive and multi @-@ platform sales charts . By early February , the game sold 102 @,@ 779 units , coming in second overall to The Last Story for the Wii . By the end of the year , the game had sold just over 152 @,@ 500 units .

### Output:
","### Input:
On its day of release in Japan , Valkyria Chronicles III topped both platform @-@ exclusive and multi @-@ platform sales charts . By early February , the game sold 102 @,@ 779 units , coming in second overall to The Last Story for the Wii . By the end of the year , the game had sold just over 152 @,@ 500 units .

### Output:
://www.4gamer.net/games/001/001/001001/"
"Famitsu enjoyed the story , and were particularly pleased with the improvements to gameplay . Japanese gaming site Game Watch Impress , despite negatively noting its pacing and elements recycled from previous games , was generally positive about its story and characters , and found its gameplay entertaining despite off @-@ putting difficulty spikes . 4Gamer.net writer Naohiko Misuosame , in a "" Play Test "" article based on the game 's PSN demo , felt that Valkyria Chronicles III provided a "" profound feeling of closure "" for the Valkyria Chronicles series . He praised its gameplay despite annoying limitations to aspects such as special abilities , and positively noted its shift in story to a tone similar to the first game .","attacks, and felt that the game's story was "" a little too simple "" but "" still enjoyable "". He also praised the game's graphics, and felt that the game's music was "" a little too simple "" but "" still enjoyable "". He also praised the game's graphics, and felt that the game's music was "" a little too simple "" but "" still enjoyable "". He also praised the game's graphics, and felt that the game's music was "" a little too simple "" but "" still enjoyable "". He also praised the game's graphics, and felt that the game's music was "" a little too simple "" but "" still enjoyable "". He also praised the game's graphics, and felt that the game's music was "" a little too simple "" but "" still enjoyable "". He also praised the game's graphics, and felt that the game's music was "" a little too simple "" but "" still enjoyable "". He also praised the game's graphics, and felt that the game's music was "" a little too simple "" but "" still enjoyable "". He also praised the game's graphics, and felt that the game's music was "" a little too simple","### Input:
Famitsu enjoyed the story , and were particularly pleased with the improvements to gameplay . Japanese gaming site Game Watch Impress , despite negatively noting its pacing and elements recycled from previous games , was generally positive about its story and characters , and found its gameplay entertaining despite off @-@ putting difficulty spikes . 4Gamer.net writer Naohiko Misuosame , in a "" Play Test "" article based on the game 's PSN demo , felt that Valkyria Chronicles III provided a "" profound feeling of closure "" for the Valkyria Chronicles series . He praised its gameplay despite annoying limitations to aspects such as special abilities , and positively noted its shift in story to a tone similar to the first game .

### Output:
","### Input:
Famitsu enjoyed the story , and were particularly pleased with the improvements to gameplay . Japanese gaming site Game Watch Impress , despite negatively noting its pacing and elements recycled from previous games , was generally positive about its story and characters , and found its gameplay entertaining despite off @-@ putting difficulty spikes . 4Gamer.net writer Naohiko Misuosame , in a "" Play Test "" article based on the game 's PSN demo , felt that Valkyria Chronicles III provided a "" profound feeling of closure "" for the Valkyria Chronicles series . He praised its gameplay despite annoying limitations to aspects such as special abilities , and positively noted its shift in story to a tone similar to the first game .

### Output:
attacks, and felt that the game's story was "" a little too simple "" but "" still enjoyable "". He also praised the game's graphics, and felt that the game's music was "" a little too simple "" but "" still enjoyable "". He also praised the game's graphics, and felt that the game's music was "" a little too simple "" but "" still enjoyable "". He also praised the game's graphics, and felt that the game's music was "" a little too simple "" but "" still enjoyable "". He also praised the game's graphics, and felt that the game's music was "" a little too simple "" but "" still enjoyable "". He also praised the game's graphics, and felt that the game's music was "" a little too simple "" but "" still enjoyable "". He also praised the game's graphics, and felt that the game's music was "" a little too simple "" but "" still enjoyable "". He also praised the game's graphics, and felt that the game's music was "" a little too simple "" but "" still enjoyable "". He also praised the game's graphics, and felt that the game's music was "" a little too simple"
"PlayStation Official Magazine - UK praised the story 's blurring of Gallia 's moral standing , art style , and most points about its gameplay , positively noting the latter for both its continued quality and the tweaks to balance and content . Its one major criticism were multiple difficulty spikes , something that had affected the previous games . Heath Hindman of gaming website PlayStation Lifestyle praised the addition of non @-@ linear elements and improvements or removal of mechanics from Valkyria Chronicles II in addition to praising the returning gameplay style of previous games . He also positively noted the story 's serious tone . Points criticized in the review were recycled elements , awkward cutscenes that seemed to include all characters in a scene for no good reason , pacing issues , and occasional problems with the game 's AI .",the game's lack of a multiplayer mode and the lack of a tutorial for the new mechanics.,"### Input:
PlayStation Official Magazine - UK praised the story 's blurring of Gallia 's moral standing , art style , and most points about its gameplay , positively noting the latter for both its continued quality and the tweaks to balance and content . Its one major criticism were multiple difficulty spikes , something that had affected the previous games . Heath Hindman of gaming website PlayStation Lifestyle praised the addition of non @-@ linear elements and improvements or removal of mechanics from Valkyria Chronicles II in addition to praising the returning gameplay style of previous games . He also positively noted the story 's serious tone . Points criticized in the review were recycled elements , awkward cutscenes that seemed to include all characters in a scene for no good reason , pacing issues , and occasional problems with the game 's AI .

### Output:
","### Input:
PlayStation Official Magazine - UK praised the story 's blurring of Gallia 's moral standing , art style , and most points about its gameplay , positively noting the latter for both its continued quality and the tweaks to balance and content . Its one major criticism were multiple difficulty spikes , something that had affected the previous games . Heath Hindman of gaming website PlayStation Lifestyle praised the addition of non @-@ linear elements and improvements or removal of mechanics from Valkyria Chronicles II in addition to praising the returning gameplay style of previous games . He also positively noted the story 's serious tone . Points criticized in the review were recycled elements , awkward cutscenes that seemed to include all characters in a scene for no good reason , pacing issues , and occasional problems with the game 's AI .

### Output:
the game's lack of a multiplayer mode and the lack of a tutorial for the new mechanics."
"In a preview of the TGS demo , Ryan Geddes of IGN was left excited as to where the game would go after completing the demo , along with enjoying the improved visuals over Valkyria Chronicles II . Kotaku 's Richard Eisenbeis was highly positive about the game , citing is story as a return to form after Valkyria Chronicles II and its gameplay being the best in the series . His main criticisms were its length and gameplay repetition , along with expressing regret that it would not be localized .","Valkyria Chronicles III: Unrecorded Chronicles (Japanese: 戦場のヴァルキュリア3 未来からきた少女, Hepburn: Senjō no Varukyuria 3 Mirai kara Kita Shōjo ) is a tactical role-playing game developed and published by Sega for the PlayStation Portable. It is the third game in the Valkyria Chronicles series, and was released in Japan on March 10, 2011. The game was never released outside of Japan, but was later ported to the PlayStation 3 as Valkyria Chronicles III Remaster, which was released in Japan on November 14, 2014. The game was developed by Media.Vision, the same developer as Valkyria Chronicles II. The game is set in the same fictional world as the first two games, but takes place in a different region of the continent of Europa. The game follows a group of soldiers known as the Gallian Liberation Front, who are fighting against the Imperial Army. The game features a new cast of characters, as well as returning characters from the first two games. The game also features a new battle system, which is a mix of the previous two games'battle systems. The game was well received by critics, with","### Input:
In a preview of the TGS demo , Ryan Geddes of IGN was left excited as to where the game would go after completing the demo , along with enjoying the improved visuals over Valkyria Chronicles II . Kotaku 's Richard Eisenbeis was highly positive about the game , citing is story as a return to form after Valkyria Chronicles II and its gameplay being the best in the series . His main criticisms were its length and gameplay repetition , along with expressing regret that it would not be localized .

### Output:
","### Input:
In a preview of the TGS demo , Ryan Geddes of IGN was left excited as to where the game would go after completing the demo , along with enjoying the improved visuals over Valkyria Chronicles II . Kotaku 's Richard Eisenbeis was highly positive about the game , citing is story as a return to form after Valkyria Chronicles II and its gameplay being the best in the series . His main criticisms were its length and gameplay repetition , along with expressing regret that it would not be localized .

### Output:
Valkyria Chronicles III: Unrecorded Chronicles (Japanese: 戦場のヴァルキュリア3 未来からきた少女, Hepburn: Senjō no Varukyuria 3 Mirai kara Kita Shōjo ) is a tactical role-playing game developed and published by Sega for the PlayStation Portable. It is the third game in the Valkyria Chronicles series, and was released in Japan on March 10, 2011. The game was never released outside of Japan, but was later ported to the PlayStation 3 as Valkyria Chronicles III Remaster, which was released in Japan on November 14, 2014. The game was developed by Media.Vision, the same developer as Valkyria Chronicles II. The game is set in the same fictional world as the first two games, but takes place in a different region of the continent of Europa. The game follows a group of soldiers known as the Gallian Liberation Front, who are fighting against the Imperial Army. The game features a new cast of characters, as well as returning characters from the first two games. The game also features a new battle system, which is a mix of the previous two games'battle systems. The game was well received by critics, with"
"Kurt and Riela were featured in the Nintendo 3DS crossover Project X Zone , representing the Valkyria series . Media.Vision would return to the series to develop Valkyria : Azure Revolution , with Ozawa returning as director . Azure Revolution is a role @-@ playing video game for the PlayStation 4 that forms the beginning of a new series within the Valkyria franchise .","n the Nintendo 3DS crossover Project X Zone, representing the Valkyria series. Media.Vision would return to the series to develop Valkyria : Azure Revolution, with Ozawa returning as director. Azure Revolution is a role @-@ playing video game for the PlayStation 4 that forms the beginning of a new series within the Valkyria franchise.","### Input:
Kurt and Riela were featured in the Nintendo 3DS crossover Project X Zone , representing the Valkyria series . Media.Vision would return to the series to develop Valkyria : Azure Revolution , with Ozawa returning as director . Azure Revolution is a role @-@ playing video game for the PlayStation 4 that forms the beginning of a new series within the Valkyria franchise .

### Output:
","### Input:
Kurt and Riela were featured in the Nintendo 3DS crossover Project X Zone , representing the Valkyria series . Media.Vision would return to the series to develop Valkyria : Azure Revolution , with Ozawa returning as director . Azure Revolution is a role @-@ playing video game for the PlayStation 4 that forms the beginning of a new series within the Valkyria franchise .

### Output:
n the Nintendo 3DS crossover Project X Zone, representing the Valkyria series. Media.Vision would return to the series to develop Valkyria : Azure Revolution, with Ozawa returning as director. Azure Revolution is a role @-@ playing video game for the PlayStation 4 that forms the beginning of a new series within the Valkyria franchise."
