Step,Distillation Loss,CE Loss,Accumulated Distillation Loss,Accumulated CE Loss
1,3565.375,23.792268753051758,3565.375,23.792268753051758
2,20589.78125,70.46150207519531,24155.15625,94.25377082824707
3,5606.9638671875,19.51676368713379,29762.1201171875,113.77053451538086
4,11671.65625,63.5199089050293,41433.7763671875,177.29044342041016
5,2411.488525390625,11.610486030578613,43845.264892578125,188.90092945098877
6,2563.882080078125,15.32258415222168,46409.14697265625,204.22351360321045
7,7177.54638671875,14.334746360778809,53586.693359375,218.55825996398926
8,3948.50732421875,15.867968559265137,57535.20068359375,234.4262285232544
9,6233.43212890625,14.07846736907959,63768.6328125,248.50469589233398
10,5934.9560546875,12.204402923583984,69703.5888671875,260.70909881591797
11,2502.83447265625,14.389406204223633,72206.42333984375,275.0985050201416
12,1103.510498046875,15.980989456176758,73309.93383789062,291.07949447631836
13,2666.182373046875,15.032123565673828,75976.1162109375,306.1116180419922
14,1511.4024658203125,15.864043235778809,77487.51867675781,321.975661277771
15,1228.712646484375,15.670557022094727,78716.23132324219,337.6462182998657
16,2050.40625,14.894984245300293,80766.63757324219,352.541202545166
17,4212.349609375,16.56108283996582,84978.98718261719,369.10228538513184
18,1330.171875,12.807531356811523,86309.15905761719,381.90981674194336
19,2145.01708984375,11.076597213745117,88454.17614746094,392.9864139556885
20,1398.1431884765625,10.369916915893555,89852.3193359375,403.35633087158203
21,101.83837127685547,15.5969877243042,89954.15770721436,418.95331859588623
22,1762.8299560546875,9.502741813659668,91716.98766326904,428.4560604095459
23,1207.0113525390625,10.692740440368652,92923.9990158081,439.14880084991455
24,2083.0849609375,10.581893920898438,95007.0839767456,449.730694770813
25,2975.751708984375,9.619600296020508,97982.83568572998,459.3502950668335
26,1943.3673095703125,10.495275497436523,99926.2029953003,469.84557056427
27,997.8643188476562,10.256988525390625,100924.06731414795,480.10255908966064
28,1546.809326171875,10.500329971313477,102470.87664031982,490.6028890609741
29,1126.664794921875,11.508769035339355,103597.5414352417,502.1116580963135
30,850.1422729492188,11.35525131225586,104447.68370819092,513.4669094085693
31,153.99127197265625,13.045431137084961,104601.67498016357,526.5123405456543
32,1099.28759765625,15.047932624816895,105700.96257781982,541.5602731704712
33,2435.42041015625,12.622331619262695,108136.38298797607,554.1826047897339
34,1840.729736328125,13.614738464355469,109977.1127243042,567.7973432540894
35,1071.7994384765625,13.964077949523926,111048.91216278076,581.7614212036133
36,1866.8067626953125,11.454845428466797,112915.71892547607,593.2162666320801
37,833.8109741210938,12.624422073364258,113749.52989959717,605.8406887054443
38,72.10508728027344,20.118911743164062,113821.63498687744,625.9596004486084
39,1961.6629638671875,11.955892562866211,115783.29795074463,637.9154930114746
40,370.2467956542969,11.504606246948242,116153.54474639893,649.4200992584229
41,1126.7694091796875,10.163732528686523,117280.31415557861,659.5838317871094
42,979.84814453125,10.281573295593262,118260.16230010986,669.8654050827026
43,1325.95654296875,10.161934852600098,119586.11884307861,680.0273399353027
44,582.9270629882812,10.643424034118652,120169.0459060669,690.6707639694214
45,1614.3779296875,9.253868103027344,121783.4238357544,699.9246320724487
46,323.8391418457031,11.052842140197754,122107.2629776001,710.9774742126465
47,475.05755615234375,10.600931167602539,122582.32053375244,721.578405380249
48,1254.440673828125,9.660813331604004,123836.76120758057,731.239218711853
49,1322.0931396484375,8.970427513122559,125158.854347229,740.2096462249756
50,923.8021240234375,9.548724174499512,126082.65647125244,749.7583703994751
51,931.6566162109375,9.832038879394531,127014.31308746338,759.5904092788696
52,687.0208740234375,9.147550582885742,127701.33396148682,768.7379598617554
53,1482.571533203125,8.96640682220459,129183.90549468994,777.70436668396
54,1080.933349609375,9.601719856262207,130264.83884429932,787.3060865402222
55,1042.58837890625,10.236806869506836,131307.42722320557,797.542893409729
56,1443.5228271484375,9.083146095275879,132750.950050354,806.6260395050049
57,1628.8433837890625,10.264435768127441,134379.79343414307,816.8904752731323
58,615.49169921875,10.396812438964844,134995.28513336182,827.2872877120972
59,1713.030029296875,8.305624008178711,136708.3151626587,835.5929117202759
60,850.5762939453125,10.446758270263672,137558.891456604,846.0396699905396
61,933.570556640625,9.293069839477539,138492.46201324463,855.3327398300171
62,1092.07666015625,10.787581443786621,139584.53867340088,866.1203212738037
63,913.9873657226562,13.227178573608398,140498.52603912354,879.3474998474121
64,665.177734375,12.891047477722168,141163.70377349854,892.2385473251343
65,68.95077514648438,20.19465446472168,141232.65454864502,912.433201789856
66,281.8520202636719,12.838577270507812,141514.5065689087,925.2717790603638
67,741.1665649414062,11.971723556518555,142255.6731338501,937.2435026168823
68,1902.098388671875,11.39418888092041,144157.77152252197,948.6376914978027
69,1484.435546875,11.005166053771973,145642.20706939697,959.6428575515747
70,1437.0789794921875,10.337174415588379,147079.28604888916,969.9800319671631
71,1400.42041015625,11.320956230163574,148479.7064590454,981.3009881973267
72,71.81318664550781,18.19962501525879,148551.51964569092,999.5006132125854
73,369.8729553222656,11.344785690307617,148921.39260101318,1010.8453989028931
74,1346.812744140625,9.121390342712402,150268.2053451538,1019.9667892456055
75,640.9166870117188,9.921881675720215,150909.12203216553,1029.8886709213257
76,759.7813720703125,9.589300155639648,151668.90340423584,1039.4779710769653
77,1323.8857421875,8.650925636291504,152992.78914642334,1048.1288967132568
78,1064.345947265625,9.513455390930176,154057.13509368896,1057.642352104187
79,1146.813720703125,10.395685195922852,155203.9488143921,1068.0380373001099
80,1390.6533203125,10.550799369812012,156594.6021347046,1078.5888366699219
81,734.4425659179688,10.9340238571167,157329.04470062256,1089.5228605270386
82,1503.600830078125,11.054868698120117,158832.64553070068,1100.5777292251587
83,1969.540771484375,9.129545211791992,160802.18630218506,1109.7072744369507
84,1257.8740234375,11.188753128051758,162060.06032562256,1120.8960275650024
85,989.8746337890625,9.871929168701172,163049.93495941162,1130.7679567337036
86,597.758056640625,12.417649269104004,163647.69301605225,1143.1856060028076
87,1403.474609375,12.480558395385742,165051.16762542725,1155.6661643981934
88,919.6417236328125,10.78040885925293,165970.80934906006,1166.4465732574463
89,672.2348022460938,9.979761123657227,166643.04415130615,1176.4263343811035
90,1513.177001953125,9.904444694519043,168156.22115325928,1186.3307790756226
91,1570.3702392578125,9.012171745300293,169726.5913925171,1195.3429508209229
92,612.788330078125,11.205968856811523,170339.37972259521,1206.5489196777344
93,1262.061279296875,9.414129257202148,171601.4410018921,1215.9630489349365
94,879.9374389648438,9.057014465332031,172481.37844085693,1225.0200634002686
95,61.95561218261719,18.32717514038086,172543.33405303955,1243.3472385406494
96,973.3652954101562,9.794934272766113,173516.6993484497,1253.1421728134155
97,1047.24267578125,9.723893165588379,174563.94202423096,1262.866065979004
98,906.8021240234375,9.63952350616455,175470.7441482544,1272.5055894851685
99,952.9755859375,9.838945388793945,176423.7197341919,1282.3445348739624
100,998.1897583007812,9.214925765991211,177421.90949249268,1291.5594606399536
101,931.9388427734375,10.098929405212402,178353.8483352661,1301.658390045166
102,96.67170715332031,13.596369743347168,178450.52004241943,1315.2547597885132
103,1259.3990478515625,11.284652709960938,179709.919090271,1326.5394124984741
104,533.438232421875,12.132573127746582,180243.35732269287,1338.6719856262207
105,892.088623046875,11.198760986328125,181135.44594573975,1349.8707466125488
106,1679.106201171875,9.711748123168945,182814.55214691162,1359.5824947357178
107,1089.7568359375,12.145025253295898,183904.30898284912,1371.7275199890137
108,1231.702880859375,10.186264991760254,185136.0118637085,1381.913784980774
109,908.7608032226562,9.947175979614258,186044.77266693115,1391.8609609603882
110,899.6597900390625,9.829500198364258,186944.43245697021,1401.6904611587524
111,1124.056884765625,10.133031845092773,188068.48934173584,1411.8234930038452
112,1054.9937744140625,9.357524871826172,189123.4831161499,1421.1810178756714
113,654.7609252929688,10.540724754333496,189778.24404144287,1431.7217426300049
114,1016.9453125,10.703518867492676,190795.18935394287,1442.4252614974976
115,745.4786376953125,10.688328742980957,191540.66799163818,1453.1135902404785
116,659.1363525390625,10.805316925048828,192199.80434417725,1463.9189071655273
117,1448.54443359375,10.722880363464355,193648.348777771,1474.6417875289917
118,963.152099609375,9.053325653076172,194611.50087738037,1483.6951131820679
119,876.147705078125,9.849016189575195,195487.6485824585,1493.544129371643
120,1073.591552734375,10.081026077270508,196561.24013519287,1503.6251554489136
121,457.1026611328125,11.335823059082031,197018.34279632568,1514.9609785079956
122,804.03369140625,10.187355995178223,197822.37648773193,1525.1483345031738
123,641.5004272460938,10.058759689331055,198463.87691497803,1535.2070941925049
124,1202.56201171875,9.643351554870605,199666.43892669678,1544.8504457473755
125,879.182373046875,9.9725923538208,200545.62129974365,1554.8230381011963
126,957.3327026367188,9.91635513305664,201502.95400238037,1564.739393234253
127,354.63873291015625,9.508967399597168,201857.59273529053,1574.24836063385
128,1352.3419189453125,10.200366973876953,203209.93465423584,1584.448727607727
129,1020.5823974609375,9.903491020202637,204230.51705169678,1594.3522186279297
130,602.4273681640625,11.243475914001465,204832.94441986084,1605.5956945419312
131,977.6903076171875,10.717775344848633,205810.63472747803,1616.3134698867798
132,875.6839599609375,9.646780967712402,206686.31868743896,1625.9602508544922
133,78.64990997314453,16.1466064453125,206764.9685974121,1642.1068572998047
134,834.9881591796875,10.223491668701172,207599.9567565918,1652.3303489685059
135,404.389892578125,9.524301528930664,208004.34664916992,1661.8546504974365
136,718.8307495117188,8.198796272277832,208723.17739868164,1670.0534467697144
137,1455.93603515625,9.367148399353027,210179.1134338379,1679.4205951690674
138,523.359375,9.907588005065918,210702.4728088379,1689.3281831741333
139,1255.04638671875,9.540781021118164,211957.51919555664,1698.8689641952515
140,726.53125,10.648439407348633,212684.05044555664,1709.5174036026
141,669.6592407226562,9.494565963745117,213353.7096862793,1719.0119695663452
142,966.7411499023438,10.010902404785156,214320.45083618164,1729.0228719711304
143,713.8865966796875,11.32315444946289,215034.33743286133,1740.3460264205933
144,1308.457763671875,10.281332015991211,216342.7951965332,1750.6273584365845
145,864.2725830078125,10.168432235717773,217207.06777954102,1760.7957906723022
146,527.835693359375,10.777812004089355,217734.9034729004,1771.5736026763916
147,65.4788589477539,16.187061309814453,217800.38233184814,1787.760663986206
148,54.51526641845703,17.810392379760742,217854.8975982666,1805.5710563659668
149,1585.220458984375,9.977356910705566,219440.11805725098,1815.5484132766724
150,1023.658447265625,9.455411911010742,220463.7765045166,1825.003825187683
151,932.9520874023438,9.910137176513672,221396.72859191895,1834.9139623641968
152,1163.4390869140625,9.718711853027344,222560.167678833,1844.6326742172241
153,1510.81005859375,10.442474365234375,224070.97773742676,1855.0751485824585
154,412.57110595703125,10.038609504699707,224483.5488433838,1865.1137580871582
155,740.9512329101562,10.562413215637207,225224.50007629395,1875.6761713027954
156,1093.6634521484375,9.397491455078125,226318.16352844238,1885.0736627578735
157,1178.4683837890625,10.442432403564453,227496.63191223145,1895.516095161438
158,1696.56298828125,10.509101867675781,229193.1949005127,1906.0251970291138
159,775.490478515625,9.894789695739746,229968.68537902832,1915.9199867248535
160,702.0731811523438,10.252066612243652,230670.75856018066,1926.1720533370972
161,849.7263793945312,9.945821762084961,231520.4849395752,1936.1178750991821
162,927.8028564453125,9.70859146118164,232448.2877960205,1945.8264665603638
163,919.9339599609375,10.069842338562012,233368.22175598145,1955.8963088989258
164,817.0343017578125,10.485925674438477,234185.25605773926,1966.3822345733643
165,567.9773559570312,9.943073272705078,234753.2334136963,1976.3253078460693
166,781.758056640625,10.590456008911133,235534.9914703369,1986.9157638549805
167,1026.98095703125,9.61582088470459,236561.97242736816,1996.531584739685
168,694.0184326171875,10.703768730163574,237255.99085998535,2007.2353534698486
169,1067.2734375,9.457242012023926,238323.26429748535,2016.6925954818726
170,1076.30419921875,9.957124710083008,239399.5684967041,2026.6497201919556
171,1030.818359375,8.308977127075195,240430.3868560791,2034.9586973190308
172,1483.217041015625,9.675872802734375,241913.60389709473,2044.6345701217651
173,1327.09423828125,10.167720794677734,243240.69813537598,2054.802290916443
174,1328.4462890625,9.138372421264648,244569.14442443848,2063.9406633377075
175,1421.283447265625,9.994678497314453,245990.4278717041,2073.935341835022
176,535.5962524414062,12.03761100769043,246526.0241241455,2085.9729528427124
177,522.6358642578125,10.335166931152344,247048.65998840332,2096.3081197738647
178,947.04931640625,9.172037124633789,247995.70930480957,2105.4801568984985
179,997.90771484375,9.261984825134277,248993.61701965332,2114.742141723633
180,408.9608154296875,10.79267406463623,249402.577835083,2125.534815788269
181,1099.73974609375,8.631896018981934,250502.31758117676,2134.166711807251
182,1049.97216796875,10.369438171386719,251552.2897491455,2144.5361499786377
183,728.241943359375,10.05575180053711,252280.53169250488,2154.591901779175
184,228.64390563964844,10.83024787902832,252509.17559814453,2165.422149658203
185,1010.0587158203125,9.64145565032959,253519.23431396484,2175.0636053085327
186,1012.1730346679688,9.44766616821289,254531.4073486328,2184.5112714767456
187,946.898193359375,9.928218841552734,255478.3055419922,2194.4394903182983
188,1057.041259765625,10.11740779876709,256535.3468017578,2204.5568981170654
189,1999.7322998046875,10.94430160522461,258535.0791015625,2215.50119972229
190,463.80572509765625,10.619000434875488,258998.88482666016,2226.1202001571655
191,67.76481628417969,14.274215698242188,259066.64964294434,2240.3944158554077
192,441.77227783203125,10.51142406463623,259508.42192077637,2250.905839920044
193,250.0126190185547,9.238341331481934,259758.43453979492,2260.144181251526
194,118.62841033935547,12.79904556274414,259877.06295013428,2272.94322681427
195,1112.8095703125,8.498444557189941,260989.87252044678,2281.44167137146
196,858.8167724609375,9.679232597351074,261848.68929290771,2291.120903968811
197,1257.58935546875,9.549555778503418,263106.27864837646,2300.6704597473145
198,795.3475341796875,9.723573684692383,263901.62618255615,2310.394033432007
199,963.7972412109375,9.665002822875977,264865.4234237671,2320.059036254883
200,1097.99658203125,9.01961898803711,265963.42000579834,2329.07865524292
201,1386.2418212890625,9.79835033416748,267349.6618270874,2338.8770055770874
202,1131.97265625,10.790824890136719,268481.6344833374,2349.667830467224
203,2101.075439453125,9.289631843566895,270582.7099227905,2358.957462310791
204,678.2928466796875,9.539288520812988,271261.0027694702,2368.496750831604
205,766.4715576171875,10.237031936645508,272027.4743270874,2378.7337827682495
206,312.06048583984375,11.501148223876953,272339.53481292725,2390.2349309921265
207,695.090576171875,9.029336929321289,273034.6253890991,2399.2642679214478
208,1515.8450927734375,8.597978591918945,274550.47048187256,2407.8622465133667
209,1021.808349609375,9.697834968566895,275572.27883148193,2417.5600814819336
210,1309.7705078125,10.183954238891602,276882.04933929443,2427.744035720825
211,577.4061889648438,8.611346244812012,277459.4555282593,2436.355381965637
212,774.6005859375,9.116122245788574,278234.0561141968,2445.471504211426
213,1179.5166015625,10.7586030960083,279413.5727157593,2456.230107307434
214,1711.801513671875,9.41696548461914,281125.37422943115,2465.647072792053
215,1091.2940673828125,8.94081974029541,282216.66829681396,2474.5878925323486
216,52.00690460205078,16.87635040283203,282268.675201416,2491.4642429351807
217,1525.98486328125,9.64542007446289,283794.66006469727,2501.1096630096436
218,886.9216918945312,9.198812484741211,284681.5817565918,2510.3084754943848
219,135.7369842529297,10.850860595703125,284817.3187408447,2521.159336090088
220,1042.372314453125,9.275039672851562,285859.69105529785,2530.4343757629395
221,1218.7587890625,9.692692756652832,287078.44984436035,2540.1270685195923
222,1420.55517578125,9.368724822998047,288499.0050201416,2549.4957933425903
223,1762.8450927734375,8.081916809082031,290261.85011291504,2557.5777101516724
224,637.5687866210938,9.82902717590332,290899.41889953613,2567.4067373275757
225,1034.9744873046875,9.958667755126953,291934.3933868408,2577.3654050827026
226,51.45862579345703,15.758091926574707,291985.8520126343,2593.1234970092773
227,967.3056030273438,8.307437896728516,292953.1576156616,2601.430934906006
228,1240.3857421875,9.559081077575684,294193.5433578491,2610.9900159835815
229,1173.8046875,9.456466674804688,295367.3480453491,2620.4464826583862
230,459.26953125,9.271453857421875,295826.6175765991,2629.717936515808
231,1683.2586669921875,9.189422607421875,297509.8762435913,2638.90735912323
232,918.5233154296875,9.637539863586426,298428.399559021,2648.5448989868164
233,525.66552734375,10.360872268676758,298954.06508636475,2658.905771255493
234,1424.928466796875,9.556851387023926,300378.9935531616,2668.462622642517
235,965.1397705078125,8.891117095947266,301344.13332366943,2677.3537397384644
236,1433.01025390625,8.4398832321167,302777.1435775757,2685.793622970581
237,705.81591796875,8.769172668457031,303482.95949554443,2694.562795639038
238,1441.333740234375,8.868932723999023,304924.2932357788,2703.431728363037
239,402.27752685546875,10.025931358337402,305326.5707626343,2713.4576597213745
240,1492.190673828125,9.013927459716797,306818.7614364624,2722.4715871810913
241,519.3936157226562,9.082374572753906,307338.15505218506,2731.553961753845
242,931.99658203125,8.341155052185059,308270.1516342163,2739.8951168060303
243,530.9794311523438,9.003207206726074,308801.13106536865,2748.8983240127563
244,841.6414794921875,9.640982627868652,309642.77254486084,2758.539306640625
245,1341.227294921875,9.136512756347656,310983.9998397827,2767.6758193969727
246,524.0205078125,9.632526397705078,311508.0203475952,2777.3083457946777
247,832.5302734375,9.498462677001953,312340.5506210327,2786.8068084716797
248,945.1978759765625,8.77697467803955,313285.7484970093,2795.5837831497192
249,435.80169677734375,9.406270027160645,313721.5501937866,2804.99005317688
250,102.91718292236328,12.028360366821289,313824.467376709,2817.018413543701
251,483.62982177734375,8.802409172058105,314308.0971984863,2825.8208227157593
252,812.9969482421875,9.226661682128906,315121.0941467285,2835.047484397888
253,375.0670166015625,9.647456169128418,315496.1611633301,2844.6949405670166
254,968.5860595703125,9.836183547973633,316464.7472229004,2854.5311241149902
255,1525.20068359375,8.736368179321289,317989.94790649414,2863.2674922943115
256,829.689208984375,8.867203712463379,318819.6371154785,2872.134696006775
257,634.7332153320312,9.33228588104248,319454.37033081055,2881.4669818878174
258,620.3980712890625,9.561068534851074,320074.7684020996,2891.0280504226685
259,571.127197265625,8.73208999633789,320645.89559936523,2899.7601404190063
260,957.7337036132812,9.463891983032227,321603.6293029785,2909.2240324020386
261,458.23333740234375,8.98828411102295,322061.86264038086,2918.2123165130615
262,907.1531372070312,8.675310134887695,322969.0157775879,2926.887626647949
263,1566.076904296875,8.625587463378906,324535.09268188477,2935.513214111328
264,1757.3558349609375,9.396032333374023,326292.4485168457,2944.909246444702
265,1496.738525390625,9.265332221984863,327789.1870422363,2954.174578666687
266,1065.2579345703125,8.937044143676758,328854.44497680664,2963.1116228103638
267,339.0810546875,9.489364624023438,329193.52603149414,2972.600987434387
268,818.10107421875,8.993026733398438,330011.6271057129,2981.5940141677856
269,821.869140625,9.132813453674316,330833.4962463379,2990.72682762146
270,642.8724365234375,9.625618934631348,331476.3686828613,3000.3524465560913
271,67.78446197509766,14.622434616088867,331544.1531448364,3014.97488117218
272,529.3812255859375,9.944393157958984,332073.53437042236,3024.919274330139
273,793.8650512695312,9.453985214233398,332867.3994216919,3034.3732595443726
274,1207.03857421875,9.481672286987305,334074.43799591064,3043.85493183136
275,1322.421630859375,10.51835823059082,335396.85962677,3054.3732900619507
276,1680.82470703125,8.63350772857666,337077.68433380127,3063.0067977905273
277,952.9580078125,8.782244682312012,338030.64234161377,3071.7890424728394
278,949.5935668945312,9.754670143127441,338980.2359085083,3081.543712615967
279,828.8473510742188,8.925689697265625,339809.0832595825,3090.4694023132324
280,362.15936279296875,10.402445793151855,340171.2426223755,3100.8718481063843
281,1037.64697265625,8.637550354003906,341208.88959503174,3109.509398460388
282,1072.025146484375,9.551015853881836,342280.9147415161,3119.06041431427
283,590.7662353515625,10.673381805419922,342871.6809768677,3129.73379611969
284,721.087158203125,8.418035507202148,343592.7681350708,3138.151831626892
285,831.150390625,9.773778915405273,344423.9185256958,3147.9256105422974
286,310.30657958984375,9.445862770080566,344734.22510528564,3157.371473312378
287,759.820556640625,8.95642375946045,345494.04566192627,3166.3278970718384
288,564.1185913085938,9.585205078125,346058.16425323486,3175.9131021499634
289,400.6845703125,10.2313232421875,346458.84882354736,3186.144425392151
290,794.0443725585938,9.526541709899902,347252.89319610596,3195.670967102051
291,914.3693237304688,8.940263748168945,348167.2625198364,3204.6112308502197
292,1258.689697265625,8.904980659484863,349425.95221710205,3213.5162115097046
293,549.2669677734375,9.678384780883789,349975.2191848755,3223.1945962905884
294,579.7319946289062,8.132569313049316,350554.9511795044,3231.3271656036377
295,71.62403869628906,13.52241039276123,350626.5752182007,3244.849575996399
296,823.3779296875,9.814118385314941,351449.9531478882,3254.663694381714
297,395.669677734375,8.395881652832031,351845.62282562256,3263.059576034546
298,1240.150146484375,8.137208938598633,353085.77297210693,3271.1967849731445
299,667.1453857421875,9.275785446166992,353752.9183578491,3280.4725704193115
300,585.3646850585938,9.724061012268066,354338.2830429077,3290.1966314315796
301,1483.89013671875,9.334941864013672,355822.17317962646,3299.5315732955933
302,391.9459228515625,9.99323844909668,356214.119102478,3309.52481174469
303,51.72456359863281,16.846256256103516,356265.84366607666,3326.3710680007935
304,1395.75244140625,9.591054916381836,357661.5961074829,3335.9621229171753
305,336.9913330078125,10.823698043823242,357998.5874404907,3346.7858209609985
306,1279.0782470703125,8.986255645751953,359277.66568756104,3355.7720766067505
307,1451.3349609375,8.37788200378418,360729.00064849854,3364.1499586105347
308,1295.04443359375,9.347813606262207,362024.0450820923,3373.497772216797
309,1721.275390625,8.439159393310547,363745.3204727173,3381.9369316101074
310,385.665771484375,8.767074584960938,364130.98624420166,3390.7040061950684
311,428.34442138671875,9.52979564666748,364559.3306655884,3400.233801841736
312,1716.5418701171875,8.796506881713867,366275.87253570557,3409.0303087234497
313,2100.31103515625,8.170852661132812,368376.1835708618,3417.2011613845825
314,676.8671264648438,8.779559135437012,369053.05069732666,3425.9807205200195
315,871.513671875,8.310070037841797,369924.56436920166,3434.2907905578613
316,1559.42822265625,9.457686424255371,371483.9925918579,3443.7484769821167
317,271.81024169921875,10.679306030273438,371755.8028335571,3454.42778301239
318,107.32362365722656,10.020318031311035,371863.12645721436,3464.448101043701
319,808.5989990234375,9.494694709777832,372671.7254562378,3473.942795753479
320,678.1339111328125,9.994461059570312,373349.8593673706,3483.9372568130493
321,617.6614990234375,9.206280708312988,373967.52086639404,3493.1435375213623
322,304.63165283203125,9.84484577178955,374272.1525192261,3502.988383293152
323,844.44580078125,8.019315719604492,375116.5983200073,3511.0076990127563
324,953.3473510742188,9.446497917175293,376069.94567108154,3520.4541969299316
325,107.41456604003906,10.046361923217773,376177.3602371216,3530.5005588531494
326,761.2860107421875,9.8326416015625,376938.64624786377,3540.333200454712
327,61.075260162353516,11.006134033203125,376999.7215080261,3551.339334487915
328,1020.7556762695312,9.367578506469727,378020.47718429565,3560.7069129943848
329,1952.45458984375,9.325729370117188,379972.9317741394,3570.032642364502
330,1234.736572265625,8.053216934204102,381207.66834640503,3578.085859298706
331,859.421142578125,9.485461235046387,382067.08948898315,3587.5713205337524
332,1427.138916015625,8.746321678161621,383494.2284049988,3596.317642211914
333,1281.170654296875,8.25143051147461,384775.39905929565,3604.5690727233887
334,1412.240478515625,8.699395179748535,386187.6395378113,3613.268467903137
335,1201.7197265625,9.330056190490723,387389.3592643738,3622.598524093628
336,1075.5509033203125,8.712565422058105,388464.9101676941,3631.311089515686
337,886.6292724609375,8.794046401977539,389351.53944015503,3640.1051359176636
338,423.5437316894531,10.786001205444336,389775.0831718445,3650.891137123108
339,526.3729858398438,9.490418434143066,390301.4561576843,3660.381555557251
340,1175.40087890625,8.0678129196167,391476.8570365906,3668.4493684768677
341,715.06103515625,9.59131908416748,392191.9180717468,3678.040687561035
342,441.64068603515625,9.490485191345215,392633.558757782,3687.5311727523804
343,1615.690185546875,9.076249122619629,394249.24894332886,3696.607421875
344,696.6321411132812,8.201730728149414,394945.88108444214,3704.8091526031494
345,776.3801879882812,9.418734550476074,395722.2612724304,3714.2278871536255
346,1112.37841796875,8.667223930358887,396834.63969039917,3722.8951110839844
347,826.30224609375,9.367807388305664,397660.9419364929,3732.26291847229
348,665.3685302734375,9.216745376586914,398326.31046676636,3741.479663848877
349,1299.236083984375,8.812342643737793,399625.54655075073,3750.2920064926147
350,601.107421875,9.072571754455566,400226.65397262573,3759.3645782470703
351,1016.7520751953125,9.18543529510498,401243.40604782104,3768.5500135421753
352,724.593017578125,9.903444290161133,401967.99906539917,3778.4534578323364
353,1035.6309814453125,8.526501655578613,403003.6300468445,3786.979959487915
354,548.4420776367188,9.132453918457031,403552.0721244812,3796.112413406372
355,501.1544189453125,10.028691291809082,404053.2265434265,3806.141104698181
356,888.4802856445312,9.094369888305664,404941.70682907104,3815.235474586487
357,47.59020233154297,13.396134376525879,404989.2970314026,3828.6316089630127
358,1108.1064453125,9.124693870544434,406097.4034767151,3837.756302833557
359,896.8220825195312,8.630762100219727,406994.2255592346,3846.387064933777
360,591.4252319335938,8.717140197753906,407585.6507911682,3855.1042051315308
361,698.1800537109375,9.107871055603027,408283.83084487915,3864.212076187134
362,416.22998046875,10.47789478302002,408700.0608253479,3874.689970970154
363,1035.875,8.620688438415527,409735.9358253479,3883.3106594085693
364,1144.3763427734375,10.668341636657715,410880.31216812134,3893.979001045227
365,770.2127685546875,8.580552101135254,411650.524936676,3902.5595531463623
366,667.6610717773438,9.827428817749023,412318.18600845337,3912.3869819641113
367,327.8424987792969,9.08189868927002,412646.02850723267,3921.4688806533813
368,1396.1689453125,9.388710975646973,414042.19745254517,3930.8575916290283
369,255.29837036132812,9.278792381286621,414297.4958229065,3940.136384010315
370,632.7738037109375,8.152170181274414,414930.26962661743,3948.2885541915894
371,262.94317626953125,9.490164756774902,415193.21280288696,3957.7787189483643
372,1163.36083984375,9.35510540008545,416356.5736427307,3967.1338243484497
373,701.5115356445312,9.276946067810059,417058.08517837524,3976.4107704162598
374,594.7747802734375,8.877962112426758,417652.8599586487,3985.2887325286865
375,695.2138061523438,9.064294815063477,418348.073764801,3994.35302734375
376,397.1635437011719,11.075671195983887,418745.2373085022,4005.428698539734
377,1148.5302734375,9.569100379943848,419893.7675819397,4014.9977989196777
378,889.9228515625,8.445261001586914,420783.6904335022,4023.4430599212646
379,678.365234375,9.249702453613281,421462.0556678772,4032.692762374878
380,1266.6239013671875,8.619234085083008,422728.6795692444,4041.311996459961
381,976.0477294921875,9.45352554321289,423704.7272987366,4050.765522003174
382,1562.7021484375,8.888626098632812,425267.4294471741,4059.6541481018066
383,1752.541015625,10.23128604888916,427019.9704627991,4069.885434150696
384,823.3153076171875,7.780544757843018,427843.28577041626,4077.665978908539
385,653.90625,8.128205299377441,428497.19202041626,4085.7941842079163
386,437.6829833984375,8.885334014892578,428934.8750038147,4094.679518222809
387,739.8182373046875,8.696179389953613,429674.6932411194,4103.375697612762
388,786.2508544921875,8.76954460144043,430460.9440956116,4112.145242214203
389,897.3563232421875,8.892114639282227,431358.30041885376,4121.037356853485
390,1002.74658203125,8.589049339294434,432361.047000885,4129.6264061927795
391,39.24958038330078,13.20534610748291,432400.2965812683,4142.831752300262
392,896.2410888671875,9.722657203674316,433296.5376701355,4152.554409503937
393,940.1500854492188,9.440241813659668,434236.6877555847,4161.994651317596
394,1430.3367919921875,8.518564224243164,435667.0245475769,4170.51321554184
395,1300.6856689453125,8.869599342346191,436967.7102165222,4179.382814884186
396,851.154296875,7.450072288513184,437818.8645133972,4186.832887172699
397,710.5679931640625,8.446463584899902,438529.4325065613,4195.279350757599
398,59.054161071777344,10.20338249206543,438588.48666763306,4205.482733249664
399,1384.968017578125,9.401741981506348,439973.4546852112,4214.884475231171
400,725.1488037109375,9.389533042907715,440698.6034889221,4224.274008274078
401,1419.402587890625,9.142756462097168,442118.00607681274,4233.4167647361755
402,222.3131103515625,8.701591491699219,442340.3191871643,4242.118356227875
403,680.4566040039062,8.909514427185059,443020.7757911682,4251.02787065506
404,326.0921630859375,8.51462459564209,443346.86795425415,4259.542495250702
405,1218.35205078125,9.177286148071289,444565.2200050354,4268.719781398773
406,1145.9986572265625,9.143588066101074,445711.21866226196,4277.863369464874
407,531.2384643554688,9.141283988952637,446242.45712661743,4287.004653453827
408,797.8436889648438,8.967310905456543,447040.3008155823,4295.971964359283
409,654.1283569335938,8.65974235534668,447694.42917251587,4304.63170671463
410,1276.8316650390625,8.517300605773926,448971.26083755493,4313.149007320404
411,94.60138702392578,11.890910148620605,449065.86222457886,4325.039917469025
412,952.020263671875,9.787314414978027,450017.88248825073,4334.827231884003
413,949.4281005859375,9.661728858947754,450967.31058883667,4344.48896074295
414,612.0765380859375,8.96506404876709,451579.3871269226,4353.4540247917175
415,1143.2877197265625,8.609284400939941,452722.67484664917,4362.0633091926575
416,701.36962890625,8.96113109588623,453424.0444755554,4371.024440288544
417,1237.41552734375,8.593592643737793,454661.46000289917,4379.6180329322815
418,810.7059326171875,8.881365776062012,455472.16593551636,4388.4993987083435
419,1381.4619140625,8.834736824035645,456853.62784957886,4397.334135532379
420,1349.7841796875,8.029897689819336,458203.41202926636,4405.3640332221985
421,1241.359619140625,9.027298927307129,459444.771648407,4414.391332149506
422,48.59462356567383,12.561534881591797,459493.36627197266,4426.952867031097
423,1237.9169921875,10.078444480895996,460731.28326416016,4437.031311511993
424,967.3246459960938,9.558306694030762,461698.60791015625,4446.589618206024
425,1051.223388671875,8.954306602478027,462749.8312988281,4455.543924808502
426,732.3873901367188,8.372204780578613,463482.21868896484,4463.916129589081
427,1466.6829833984375,7.63685941696167,464948.9016723633,4471.5529890060425
428,1138.67431640625,9.411152839660645,466087.57598876953,4480.964141845703
429,1385.463623046875,9.519577026367188,467473.0396118164,4490.48371887207
430,871.0116577148438,8.89330768585205,468344.05126953125,4499.377026557922
431,701.9013671875,8.8468599319458,469045.95263671875,4508.223886489868
432,1424.889892578125,8.882209777832031,470470.8425292969,4517.1060962677
433,489.3717956542969,9.334005355834961,470960.2143249512,4526.440101623535
434,587.896240234375,8.953346252441406,471548.11056518555,4535.393447875977
435,1255.035400390625,9.38062858581543,472803.1459655762,4544.774076461792
436,769.3851318359375,8.889549255371094,473572.5310974121,4553.663625717163
437,572.4525146484375,9.068517684936523,474144.98361206055,4562.7321434021
438,1311.35791015625,8.444619178771973,475456.3415222168,4571.176762580872
439,1377.6046142578125,8.394427299499512,476833.9461364746,4579.571189880371
440,977.168212890625,8.86081600189209,477811.11434936523,4588.432005882263
441,1023.3463134765625,8.576431274414062,478834.4606628418,4597.008437156677
442,1575.39697265625,8.117958068847656,480409.85763549805,4605.126395225525
443,34.616233825683594,12.092326164245605,480444.47386932373,4617.2187213897705
444,417.0249328613281,7.503273963928223,480861.49880218506,4624.721995353699
445,923.5406494140625,8.791305541992188,481785.0394515991,4633.513300895691
446,596.4918212890625,9.71728229522705,482381.5312728882,4643.230583190918
447,1638.548583984375,8.862554550170898,484020.07985687256,4652.093137741089
448,432.46026611328125,9.489903450012207,484452.54012298584,4661.583041191101
449,1017.939208984375,9.316781044006348,485470.4793319702,4670.899822235107
450,545.328125,10.09999942779541,486015.8074569702,4680.999821662903
451,34.204933166503906,12.828049659729004,486050.0123901367,4693.827871322632
452,816.1923217773438,8.760915756225586,486866.20471191406,4702.588787078857
453,1138.5482177734375,8.831045150756836,488004.7529296875,4711.419832229614
454,369.76263427734375,9.60873031616211,488374.51556396484,4721.028562545776
455,901.2225952148438,8.966910362243652,489275.7381591797,4729.99547290802
456,1695.290771484375,9.074553489685059,490971.02893066406,4739.070026397705
457,389.35205078125,7.868117332458496,491360.3809814453,4746.938143730164
458,331.9551696777344,9.389885902404785,491692.33615112305,4756.328029632568
459,1172.666748046875,9.079190254211426,492865.0028991699,4765.40721988678
460,627.124755859375,9.411149978637695,493492.1276550293,4774.8183698654175
461,1406.884033203125,8.311559677124023,494899.0116882324,4783.1299295425415
462,999.3928833007812,9.5745849609375,495898.4045715332,4792.704514503479
463,496.36083984375,9.803247451782227,496394.76541137695,4802.507761955261
464,863.65966796875,6.962799072265625,497258.4250793457,4809.470561027527
465,340.1271667480469,7.800894260406494,497598.55224609375,4817.271455287933
466,872.4659423828125,9.776371002197266,498471.01818847656,4827.047826290131
467,522.16943359375,8.685416221618652,498993.1876220703,4835.733242511749
468,1215.26123046875,9.489517211914062,500208.44885253906,4845.222759723663
469,1247.3765869140625,8.971885681152344,501455.8254394531,4854.194645404816
470,95.51372528076172,9.851119041442871,501551.3391647339,4864.0457644462585
471,1347.00390625,8.949955940246582,502898.3430709839,4872.995720386505
472,181.89804077148438,7.583859443664551,503080.2411117554,4880.57957983017
473,604.2817993164062,8.619805335998535,503684.5229110718,4889.199385166168
474,1032.7984619140625,8.724557876586914,504717.32137298584,4897.923943042755
475,1360.7069091796875,8.027036666870117,506078.0282821655,4905.950979709625
476,992.12109375,8.622747421264648,507070.1493759155,4914.57372713089
477,213.9007568359375,8.482004165649414,507284.05013275146,4923.055731296539
478,1159.2177734375,8.568284034729004,508443.26790618896,4931.624015331268
479,918.43017578125,8.291823387145996,509361.6980819702,4939.915838718414
480,1082.8740234375,8.463990211486816,510444.5721054077,4948.379828929901
481,1407.44921875,9.040810585021973,511852.0213241577,4957.420639514923
482,440.096923828125,9.313883781433105,512292.11824798584,4966.734523296356
483,501.0494384765625,9.158561706542969,512793.1676864624,4975.893085002899
484,694.3551635742188,9.235283851623535,513487.5228500366,4985.128368854523
485,789.0008544921875,8.576165199279785,514276.5237045288,4993.7045340538025
486,317.95574951171875,9.113245964050293,514594.4794540405,5002.817780017853
487,673.1982421875,8.861429214477539,515267.677696228,5011.67920923233
488,857.00537109375,8.740087509155273,516124.6830673218,5020.419296741486
489,760.675537109375,8.519323348999023,516885.35860443115,5028.938620090485
490,482.09442138671875,8.592265129089355,517367.4530258179,5037.530885219574
491,193.642578125,9.417106628417969,517561.0956039429,5046.947991847992
492,813.3533935546875,8.50048828125,518374.44899749756,5055.448480129242
493,31.80809211730957,11.279577255249023,518406.25708961487,5066.728057384491
494,757.7398681640625,8.75497817993164,519163.99695777893,5075.483035564423
495,707.183349609375,9.156103134155273,519871.1803073883,5084.639138698578
496,786.5995483398438,8.595484733581543,520657.77985572815,5093.234623432159
497,923.0615234375,8.718025207519531,521580.84137916565,5101.952648639679
498,462.2744140625,8.351776123046875,522043.11579322815,5110.304424762726
499,1421.72265625,8.879965782165527,523464.83844947815,5119.184390544891
500,524.8892822265625,8.16326904296875,523989.7277317047,5127.34765958786
